시군구명,어린이집코드,어린이집명,어린이집유형,운영현황,우편번호,상세주소,전화번호,팩스번호,홈페이지주소,보육실수,보육실 면적,놀이터수,CCTV총설치수,보육교직원수,정원,현원,시설 위도(좌표값),시설 경도(좌표값),통학차량운영여부,인가일자,휴지시작일자,휴지종료일자,폐지일자,데이터기준일자,제공서비스,반수-만0세,반수-만1세,반수-만2세,반수-만3세,반수-만4세,반수-만5세,반수-영아혼합(만0~2세),반수-유아혼합(만3~5세),반수-특수장애,반수-총계,아동수-만0세,아동수-만1세,아동수-만2세,아동수-만3세,아동수-만4세,아동수-만5세,아동수-영아혼합(만0~2세),아동수-유아혼합(만3~5세),아동수-특수장애,아동수-총계,근속년수-1년미만,근속년수-1년이상~2년미만,근속년수-2년이상~4년미만,근속년수-4년이상~6년미만,근속년수-6년이상,교직원현황-원장,교직원현황-보육교사,교직원현황-특수교사,교직원현황-치료교사,교직원현황-영양사,교직원현황-간호사,교직원현황-간호조무사,교직원현황-조리원,교직원현황-사무직원,교직원현황-총계,데이터수집일
광진구,11215000369,구립 자양이스트폴어린이집,국공립,정상,5050,서울특별시 광진구 뚝섬로 717 구립 자양이스트폴어린이집,02-6212-7679,,,9,793,1,0,2,98,0,37.53465627,127.088955,,2025-05-01,,,,2025-04-24,장애아통합,1,0,0,0,0,0,0,0,0,1,0,0,0,0,0,0,0,0,0,0,100,0,0,0,0,1,1,0,0,0,0,0,0,0,2,14:44.0
광진구,11215000368,구립 해달별어린이집,국공립,정상,5048,서울특별시 광진구 구의강변로3가길 39 701동 102호,02-455-7516,,,4,85,1,4,8,19,19,37.53676083,127.0909687,미운영,2025-03-01,,,,2025-04-24,일반,2,2,1,0,0,0,0,0,0,5,4,8,7,0,0,0,0,0,0,19,100,0,0,0,0,1,6,0,0,0,0,0,1,0,8,14:44.0
광진구,11215000366,구립 새벽어린이집,국공립,정상,4947,서울특별시 광진구 영화사로 53 1층,02-458-5279,,,3,74,0,6,9,21,20,37.55566257,127.0925308,미운영,2024-02-01,,,,2025-04-24,일반,1,1,1,0,0,0,4,0,0,7,3,5,6,0,0,0,6,0,0,20,38,63,0,0,0,1,7,0,0,0,0,0,1,0,9,14:44.0
광진구,11215000365,구립 자양롯데캐슬어린이집,국공립,정상,5080,서울특별시 광진구 뚝섬로 467,02-6082-0467,02-6083-0467,,5,252,3,9,13,50,49,37.53744095,127.063639,미운영,2023-09-01,,,,2025-04-24,일반,4,4,4,2,1,0,0,1,0,16,6,10,12,9,12,0,0,0,0,49,36,64,0,0,0,1,11,0,0,0,0,0,1,0,13,14:44.0
광진구,11215000364,광진구육아종합지원센터(꾸미팡팡공동육아방 3호점),국공립,정상,4999,서울특별시 광진구 동일로56가길 31 3층,02-466-1827,,,0,160,0,0,0,0,0,,,,2022-10-11,,,,2022-10-26,시간제보육,0,0,0,0,0,0,0,0,0,0,0,0,0,0,0,0,0,0,0,0,,,,,,,,,,,,,,,,02:15.0
광진구,11215000362,구립 광진그랜드파크어린이집,국공립,정상,5022,서울특별시 광진구 광나루로 458 어린이집,02-469-1956,02-497-0681,,5,176,1,15,11,57,37,37.54370562,127.0812344,미운영,2022-02-01,,,,2025-04-24,일반,2,3,3,0,0,0,0,0,0,8,3,15,19,0,0,0,0,0,0,37,33,11,56,0,0,1,9,0,0,0,0,0,1,0,11,14:44.0
광진구,11215000361,구립 자양호반써밋어린이집,국공립,정상,5074,"서울특별시 광진구 능동로 69 어린이집(자양동,자양호반써밋)",02-466-7563,02-466-7563,,3,89,2,11,10,33,30,37.53751475,127.0686119,미운영,2021-10-01,,,,2025-04-24,야간연장형,2,2,2,0,0,0,0,0,0,6,6,10,14,0,0,0,0,0,0,30,0,38,63,0,0,1,8,0,0,0,0,0,1,0,10,14:44.0
광진구,11215000359,구립 중곡하나어린이집,국공립,정상,4905,서울특별시 광진구 동일로76길 59,02-465-1004,02-465-1005,,5,110,1,14,12,38,37,37.56807936,127.0819513,미운영,2021-06-01,,,,2025-04-24,야간연장형,3,2,2,1,0,0,0,0,0,8,6,9,13,9,0,0,0,0,0,37,0,0,100,0,0,1,9,0,0,0,0,0,1,0,12,14:44.0
광진구,11215000360,구립 자양도담어린이집,국공립,정상,5054,서울특별시 광진구 아차산로44가길 5 (자양동 231-51),02-455-7000,02-455-7887,,11,280,3,24,15,85,46,37.53617752,127.0799463,미운영,2021-06-01,,,,2025-04-24,일반,3,3,2,1,0,1,0,2,0,12,6,15,14,0,0,0,0,11,0,46,25,17,58,0,0,1,12,0,0,0,0,0,1,0,15,14:44.0
광진구,11215000358,구립 샘물어린이집,국공립,정상,5105,서울특별시 광진구 뚝섬로58길 56 101호,02-3437-7737,02-3437-7737,,3,54,0,4,9,20,19,37.52978908,127.0852667,미운영,2020-10-01,,,,2025-04-24,일반,3,1,0,0,0,0,2,0,0,6,9,0,0,0,0,0,10,0,0,19,0,17,33,50,0,1,6,0,0,0,0,0,1,0,9,14:44.0
광진구,11215000357,구립 아이와나무어린이집,국공립,정상,4931,서울특별시 광진구 천호대로123길 4-4,02-452-5579,,www.kidtree.or.kr,5,222,0,16,14,49,40,37.55523866,127.0871885,미운영,2020-04-01,,,,2025-04-24,일반,3,2,2,1,0,0,0,1,0,9,6,8,10,8,0,0,0,8,0,40,50,33,8,8,0,1,12,0,0,0,0,0,1,0,14,14:44.0
광진구,11215000356,구립 우리아이어린이집,국공립,정상,5036,서울특별시 광진구 구의로4길 21 구의동,010-4697-9933,02-454-6169,,4,182,1,11,12,35,27,37.54012729,127.0908384,미운영,2020-03-01,,,,2025-04-24,일반,3,2,2,1,0,0,0,1,0,9,8,10,9,0,0,0,0,0,0,27,0,10,20,70,0,1,10,0,0,0,0,0,1,0,12,14:44.0
광진구,11215000355,KB구의 어린이집,직장,정상,4977,서울특별시 광진구 광나루로 525 3층,02-6235-7977,02-6235-7976,https://www.puruni.com/kbguui,4,174,1,16,14,49,26,37.54511534,127.0880028,미운영,2020-02-20,,,,2025-04-24,일반,0,3,2,0,0,1,0,3,0,9,0,7,10,0,0,0,0,9,0,26,36,9,27,27,0,1,11,0,0,0,0,0,2,0,14,14:44.0
광진구,11215000353,구립 하늘땅별땅어린이집,국공립,정상,4995,서울특별시 광진구 동일로56길 15 (군자동),02-498-3062,02-464-8188,,6,267,0,13,13,49,45,37.5560506,127.0729399,미운영,2019-03-01,,,,2025-04-24,야간연장형,1,2,2,1,0,0,1,1,0,8,2,9,11,7,0,0,3,13,0,45,20,0,40,0,40,1,10,0,0,0,0,0,1,0,13,14:44.0
광진구,11215000352,구립 행복마루어린이집,국공립,정상,5107,서울특별시 광진구 뚝섬로56가길 10 (자양2동 현대3차 301-105),02-455-0516,02-455-0516,,4,90,0,4,7,20,20,37.52788128,127.0835916,미운영,2019-03-01,,,,2025-04-24,일반,3,2,2,0,0,0,0,0,0,7,3,8,9,0,0,0,0,0,0,20,17,0,50,17,17,1,5,0,0,0,0,0,1,0,7,14:44.0
광진구,11215000349,구립 베베아이어린이집,국공립,정상,4983,"서울특별시 광진구 아차산로 549 1008동 101호(광장동,현대파크빌)",02-455-1279,,,3,85,0,4,6,20,12,37.54390212,127.100986,미운영,2019-03-01,,,,2025-04-24,일반,1,1,1,0,0,0,4,0,0,7,0,0,5,0,0,0,7,0,0,12,20,20,0,20,40,1,4,0,0,0,0,0,1,0,6,14:44.0
광진구,11215000351,구립 봄빛어린이집,국공립,정상,5086,"서울특별시 광진구 능동로 19 101동 103호(자양동,한강현대아파트)",02-467-4720,0504-174-1268,,3,83,0,3,5,20,9,37.53328114,127.0667073,미운영,2019-03-01,,,,2025-04-24,일반,2,1,1,0,0,0,3,0,0,7,4,0,0,0,0,0,5,0,0,9,0,0,0,75,25,1,3,0,0,0,0,0,1,0,5,14:44.0
광진구,11215000350,구립 물고기어린이집,국공립,정상,5090,서울특별시 광진구 뚝섬로34길 25-19 1006동 102호,070-8278-4030,,,3,84,0,3,6,20,17,37.53344107,127.0705768,미운영,2019-03-01,,,,2025-04-24,일반,0,5,3,0,0,0,0,0,0,8,0,10,7,0,0,0,0,0,0,17,20,20,20,0,40,1,4,0,0,0,0,0,1,0,6,14:44.0
광진구,11215000354,구립 사랑모아어린이집,국공립,정상,5118,서울특별시 광진구 광나루로56길 32 구의현대아파트 202동 103호,02-457-0348,02-457-0348,,3,65,0,4,6,20,16,37.53956705,127.0971161,미운영,2019-03-01,,,,2025-04-24,일반,1,1,2,0,0,0,1,0,0,5,0,4,9,0,0,0,3,0,0,16,20,0,40,0,40,1,4,0,0,0,0,0,1,0,6,14:44.0
광진구,11215000348,구립 미래어린이집,국공립,정상,4984,"서울특별시 광진구 아차산로 503-23 104동 113호(광장동, 청구아파트)",02-447-4191,02-447-4192,,3,91,0,4,9,20,19,37.54316147,127.0956067,미운영,2018-12-01,,,,2025-04-24,일반,2,1,1,0,0,0,0,0,0,4,6,5,8,0,0,0,0,0,0,19,29,0,43,14,14,1,7,0,0,0,0,0,1,0,9,14:44.0
광진구,11215000346,구립 파크스위트어린이집,국공립,정상,4978,"서울특별시 광진구 광나루로 545 110동 1층(구의동, 래미안파크스위트)",02-456-8546,02-457-8546,,6,343,1,13,12,73,43,37.54523054,127.0905603,미운영,2018-10-01,,,,2025-04-24,야간연장형,0,3,2,1,0,0,0,1,0,7,0,15,12,8,0,0,0,8,0,43,22,33,0,22,22,1,9,0,0,0,0,0,1,0,12,14:44.0
광진구,11215000347,구립 아띠어린이집,국공립,정상,5118,"서울특별시 광진구 광나루로56길 32 (구의동, 구의현대2단지아파트 213동 102호)",02-454-7911,02-454-7933,,3,85,1,4,9,20,20,37.53781082,127.0962313,미운영,2018-09-01,,,,2025-04-24,일반,2,3,2,0,0,0,2,0,0,9,6,8,6,0,0,0,0,0,0,20,25,38,25,0,13,1,7,0,0,0,0,0,1,0,9,14:44.0
광진구,11215000344,구립 군자동 꿈모음어린이집,국공립,정상,5004,서울특별시 광진구 군자로12길 6-4 (군자동 363-28),02-499-0011,02-499-0014,,5,179,3,21,14,65,56,37.55085684,127.0714901,미운영,2018-09-01,,,,2025-04-24,일반,2,2,2,2,0,0,0,1,0,9,5,10,13,13,0,0,0,15,0,56,9,27,36,18,9,1,11,0,0,0,0,0,1,0,14,14:44.0
광진구,11215000345,구립 자양1동 봄뜰어린이집,국공립,정상,5058,서울특별시 광진구 자양로9길 30 (자양동 629-40),02-458-2260,0504-008-0136,,5,174,1,16,15,65,46,37.53356942,127.0827833,미운영,2018-09-01,,,,2025-04-24,야간연장형,3,4,3,0,0,0,5,4,0,19,6,9,14,0,0,0,0,17,0,46,42,17,25,8,8,1,12,0,0,0,0,0,1,0,15,14:44.0
광진구,11215000342,구립 건대티움아이어린이집,국공립,정상,5090,"서울특별시 광진구 능동로4길 41 701동 101호(자양동, 자양7차현대홈타운)",02-499-1279,,,3,85,0,4,9,20,20,37.5329869,127.0697836,미운영,2018-03-01,,,,2025-04-24,일반,3,2,2,0,0,0,3,0,0,10,2,5,0,0,0,0,13,0,0,20,14,43,14,14,14,1,7,0,0,0,0,0,1,0,9,14:44.0
광진구,11215000341,구립 능동주민센터어린이집,국공립,정상,4989,서울특별시 광진구 천호대로112길 55 능동주민센터 1층(능동 232-4),02-452-1006,,,3,72,0,6,9,24,21,37.5536711,127.0806001,미운영,2018-03-01,,,,2025-04-24,야간연장형,2,1,2,0,0,0,0,0,0,5,6,5,10,0,0,0,0,0,0,21,57,14,14,14,0,1,7,0,0,0,0,0,1,0,9,14:44.0
광진구,11215000343,구립 인정어린이집,국공립,정상,5001,서울특별시 광진구 동일로 242 (군자동),02-462-2758,070-4015-2758,,4,95,0,8,7,28,19,37.55306493,127.0704142,미운영,2018-03-01,,,,2025-04-24,일반,1,0,1,0,0,0,2,1,0,5,0,0,6,0,0,0,5,8,0,19,20,40,40,0,0,1,5,0,0,0,0,0,1,0,7,14:44.0
광진구,11215000340,구립 예담어린이집,국공립,정상,4983,서울특별시 광진구 아차산로 537-17 광장힐스테이트 관리동,02-444-2008,,,3,63,0,4,8,20,20,37.5435747,127.098782,미운영,2018-01-01,,,,2025-04-24,일반,2,2,1,0,0,0,0,0,0,5,4,8,8,0,0,0,0,0,0,20,17,50,17,0,17,1,6,0,0,0,0,0,1,0,8,14:44.0
광진구,11215000339,구립 샘터어린이집,국공립,정상,4984,"서울특별시 광진구 아차산로 503-23 102동 102호(광장동,청구아파트)",02-456-4566,02-456-4568,,4,85,1,5,8,20,14,37.54316147,127.0956067,미운영,2017-12-01,,,,2025-04-24,일반,4,1,1,0,0,0,5,0,0,11,6,0,0,0,0,0,8,0,0,14,57,29,0,0,14,1,6,0,0,0,0,0,1,0,8,14:44.0
광진구,11215000338,구립 굿모닝어린이집,국공립,정상,4971,"서울특별시 광진구 아차산로 552 2동105호(광장동, 광장극동아파트)",02-458-6169,02-458-6168,,3,80,1,4,9,20,20,37.54258286,127.1027805,미운영,2017-12-01,,,,2025-04-24,일반,2,2,2,0,0,0,0,0,0,6,3,8,9,0,0,0,0,0,0,20,13,13,13,13,50,1,7,0,0,0,0,0,1,0,9,14:44.0
광진구,11215000337,구립 구의1동 아이터어린이집,국공립,정상,5023,서울특별시 광진구 자양로23길 79,02-2201-8684,02-2201-8683,,5,289,0,21,11,49,32,37.5438367,127.083768,미운영,2017-09-01,,,,2025-04-24,야간연장형,2,3,2,0,0,0,0,2,0,9,6,9,12,0,0,0,0,5,0,32,56,33,11,0,0,1,9,0,0,0,0,0,1,0,11,14:44.0
광진구,11215000334,구립 능동 꿈맞이어린이집,국공립,정상,4987,서울특별시 광진구 천호대로120길 32,02-457-7532,02-455-7531,http://cafe.naver.com/dreamcomingkid,5,157,1,16,13,59,45,37.55279334,127.0859691,미운영,2017-03-01,,,,2025-04-24,"일반,시간제보육",0,2,3,1,0,0,0,1,0,7,0,9,21,0,0,0,0,8,0,38,27,46,27,0,0,1,11,0,0,0,0,0,1,0,13,14:44.0
광진구,11215000335,구립 휴먼시아어린이집,국공립,정상,4981,"서울특별시 광진구 천호대로 716 102동 102호(구의동, 휴먼시아아파트)",02-456-9709,070-4009-0630,,3,92,1,5,9,20,20,37.54827356,127.0935718,미운영,2017-03-01,,,,2025-04-24,일반,2,2,1,0,0,0,3,0,0,8,5,5,0,0,0,0,10,0,0,20,14,29,14,14,29,1,7,0,0,0,0,0,1,0,9,14:44.0
광진구,11215000336,구립 원스쿨어린이집,국공립,정상,4984,서울특별시 광진구 아차산로69길 19 현대아파트 902동 104호,02-6451-8801,02-452-8801,,3,84,2,4,7,20,14,37.54300096,127.0979692,미운영,2017-03-01,,,,2025-04-24,일반,1,1,1,0,0,0,2,0,0,5,2,3,6,0,0,0,3,0,0,14,17,33,17,0,33,1,5,0,0,0,0,0,1,0,7,14:44.0
광진구,11215000333,구립 중곡1동 자람터어린이집,국공립,정상,4917,서울특별시 광진구 긴고랑로8길 76,02-469-7942,02-469-7944,,5,169,2,23,19,62,54,37.56038686,127.0772926,미운영,2017-03-01,,,,2025-04-24,"장애아통합,야간연장형",3,2,2,1,0,0,0,2,3,13,6,10,14,8,0,0,0,10,6,54,19,25,31,13,13,1,16,0,0,0,0,0,1,0,19,14:44.0
광진구,11215000331,구립 중곡햇님어린이집,국공립,정상,4935,"서울특별시 광진구 능동로48길 49 101호(중곡동, 웰빙아파트)",02-453-6132,02-453-6131,,3,63,0,7,9,20,19,37.56201111,127.0851817,미운영,2016-03-01,,,,2025-04-24,야간연장형,2,2,1,0,0,0,0,0,0,5,5,7,7,0,0,0,0,0,0,19,57,29,14,0,0,1,7,0,0,0,0,0,1,0,9,14:44.0
광진구,11215000332,구립 광남어린이집,국공립,폐지,4974,"서울특별시 광진구 아차산로70길 62 305동 102호(광장현대3단지아파트, 광장동)",02-455-7430,02-456-7430,,3,56,0,5,0,20,0,37.5406764,127.098826,미운영,2016-03-01,,,2023-03-10,2025-04-24,일반,0,4,4,0,0,0,0,0,0,8,0,0,0,0,0,0,0,0,0,0,,,,,,,,,,,,,,,,14:44.0
광진구,11215000330,구립 바니스쿨어린이집,국공립,정상,5118,서울특별시 광진구 광나루로56길 32 구의현대2단지아파트 215동 104호(구의3동),02-446-1347,02-446-1347,,3,73,0,5,9,20,20,37.53733825,127.0956819,미운영,2016-03-01,,,,2025-04-24,일반,3,2,1,0,0,0,0,0,0,6,4,8,8,0,0,0,0,0,0,20,14,29,14,29,14,1,7,0,0,0,0,0,1,0,9,14:44.0
광진구,11215000329,구립 한가람어린이집,국공립,정상,5110,서울특별시 광진구 자양번영로2길 30-1 (자양동),02-452-2800,,,5,277,2,16,15,92,66,37.53007113,127.0766693,미운영,2015-03-01,,,,2025-04-24,야간연장형,0,2,2,1,1,1,0,0,0,7,0,10,13,14,16,13,0,0,0,66,18,36,27,0,18,1,11,0,0,0,0,0,1,0,15,14:44.0
광진구,11215000363,광진구육아종합지원센터(꾸미팡팡공동육아방 1호점),국공립,정상,4987,서울특별시 광진구 천호대로122길 30 1층,02-467-1827,,,0,33,0,0,0,0,0,,,,2014-08-11,,,,2022-10-26,시간제보육,0,0,0,0,0,0,0,0,0,0,0,0,0,0,0,0,0,0,0,0,,,,,,,,,,,,,,,,02:15.0
광진구,11215000327,자양도담어린이집,민간,폐지,5054,서울특별시 광진구 아차산로44가길 5 (자양1동231-51),02-455-7000,02-455-7887,,12,321,3,24,0,116,0,37.53619578,127.0799296,미운영,2014-04-28,,,2021-06-01,2025-04-24,일반,0,6,8,5,3,3,0,0,0,25,0,0,0,0,0,0,0,0,0,0,,,,,,,,,,,,,,,,14:45.0
광진구,11215000326,구립 희망샘어린이집,국공립,정상,4944,서울특별시 광진구 긴고랑로37길 8 (중곡동),02-458-1324,02-458-1325,키즈노트,4,128,0,8,14,48,42,37.55930799,127.0902083,미운영,2013-12-30,,,,2025-04-24,"장애아통합,야간연장형",0,2,2,0,0,0,2,1,1,8,0,8,12,0,0,0,5,15,2,42,46,18,0,9,27,1,11,0,0,0,0,0,1,0,14,14:44.0
광진구,11215000324,강변에코비어린이집,가정,정상,5116,서울특별시 광진구 구의강변로 42 101동 108호,02-3436-0260,02-3436-0260,,4,53,0,4,5,19,12,37.53559161,127.0929178,미운영,2013-09-02,,,,2025-04-24,일반,2,3,1,0,0,0,4,0,0,10,5,0,7,0,0,0,0,0,0,12,75,0,0,0,25,1,3,0,0,0,0,0,0,0,5,14:44.0
광진구,11215000323,광장에코비어린이집,가정,폐지,4968,"서울특별시 광진구 아차산로 599 106동 101호(광장동, 신동아파밀리에)",02-444-0806,02-444-0902,http://kj-da.ecobee.kr/,3,62,0,4,0,19,0,37.54690958,127.1041755,미운영,2013-08-30,,,2020-05-12,2025-04-24,일반,1,1,1,0,0,0,4,0,0,7,0,0,0,0,0,0,0,0,0,0,,,,,,,,,,,,,,,,14:44.0
광진구,11215000325,영인어린이집,가정,폐지,4974,"서울특별시 광진구 아차산로 522 802동 101호 (현대아파트 8단지, 광장동)",02-444-2566,02-444-2566,,4,78,0,4,0,19,0,37.54181079,127.098986,미운영,2013-08-29,,,2024-04-30,2025-04-24,일반,3,2,2,0,0,0,7,0,0,14,0,0,0,0,0,0,0,0,0,0,,,,,,,,,,,,,,,,14:45.0
광진구,11215000322,나무어린이집,민간,폐지,5047,서울특별시 광진구 구의강변로5길 18 (구의동),02-446-7942,,,3,93,0,6,0,26,0,37.53842803,127.0928263,운영,2013-07-17,,,2018-08-31,2025-04-24,일반,1,0,0,0,0,0,4,0,0,5,0,0,0,0,0,0,0,0,0,0,,,,,,,,,,,,,,,,14:44.0
광진구,11215000321,해맑은어린이집,가정,폐지,4923,서울특별시 광진구 용마산로5길 30 (중곡동),02-0000-0000,,,4,70,0,4,0,19,0,37.55766616,127.0860458,미운영,2013-06-26,,,2023-03-10,2025-04-24,일반,2,0,0,0,0,0,2,0,0,4,0,0,0,0,0,0,0,0,0,0,,,,,,,,,,,,,,,,14:45.0
광진구,11215000320,예문어린이집,가정,폐지,4993,서울특별시 광진구 자양로35길 7-6 101호(구의동),070-4139-9193,02-6969-9306,,3,65,0,4,0,16,0,37.54695121,127.0865678,미운영,2013-06-24,,,2017-12-22,2025-04-24,일반,0,0,0,0,0,0,2,1,0,3,0,0,0,0,0,0,0,0,0,0,,,,,,,,,,,,,,,,14:45.0
광진구,11215000319,파크빌티움아이어린이집,가정,폐지,4983,"서울특별시 광진구 아차산로 549 1008동 101호(광장동,현대파크빌)",02-455-1279,,,3,85,0,4,0,20,0,37.54337862,127.1016993,미운영,2013-06-05,,,2019-02-28,2025-04-24,일반,1,2,3,0,0,0,4,0,0,10,0,0,0,0,0,0,0,0,0,0,,,,,,,,,,,,,,,,14:45.0
광진구,11215000318,프라임사랑어린이집,가정,정상,5119,"서울특별시 광진구 광나루로56길 29 11동 102호(구의동, 현대프라임아파트)",02-456-1279,02-456-1279,,4,68,0,4,8,20,20,37.53695344,127.0964906,미운영,2013-05-30,,,,2025-04-24,일반,3,3,3,0,0,0,1,0,0,10,5,9,6,0,0,0,0,0,0,20,14,29,29,14,14,1,6,0,0,0,0,0,0,0,8,14:45.0
광진구,11215000317,이레어린이집,가정,폐지,5105,"서울특별시 광진구 자양로3길 55 101호(자양동, 경남아너스빌)",02-446-1230,02-446-1230,http://cafe.naver.com/irehbaby,3,84,1,4,0,19,0,37.52987047,127.0836251,미운영,2013-05-24,,,2019-01-31,2025-04-24,일반,0,2,1,0,0,0,3,0,0,6,0,0,0,0,0,0,0,0,0,0,,,,,,,,,,,,,,,,14:45.0
광진구,11215000316,참조은어린이집,가정,폐지,4971,"서울특별시 광진구 아차산로 552 7동 103호(광장동, 극동아파트)",02-499-9087,,,3,84,0,0,0,19,0,37.54367762,127.1060086,미운영,2013-05-21,,,2020-07-02,2025-04-24,일반,1,0,1,0,0,0,2,0,0,4,0,0,0,0,0,0,0,0,0,0,,,,,,,,,,,,,,,,14:45.0
광진구,11215000315,사랑숲어린이집,민간,정상,4947,서울특별시 광진구 영화사로9길 95-2 (중곡동),02-452-8877,02-452-8876,http://cafe.naver.com/loveforest7,8,169,1,10,13,61,35,37.55779587,127.0956206,운영,2013-05-01,,,,2025-04-24,야간연장형,3,3,2,1,0,0,3,1,0,13,0,8,5,10,0,0,0,12,0,35,44,22,22,11,0,1,9,0,0,0,0,0,2,0,13,14:45.0
광진구,11215000314,중곡희망어린이집,민간,폐지,4938,서울특별시 광진구 용마산로30길 17 (중곡동),02-446-4430,02-446-4431,https://blog.naver.com/sys7042003,6,137,0,8,0,48,0,37.5687909,127.0869775,운영,2013-04-10,,,2023-03-31,2025-04-24,일반,1,1,2,0,0,0,3,2,0,9,0,0,0,0,0,0,0,0,0,0,,,,,,,,,,,,,,,,14:45.0
광진구,11215000313,군자티움아이어린이집,가정,정상,5002,서울특별시 광진구 동일로38길 8 1층(군자동),02-498-1279,070-8233-9998,,3,84,0,4,6,20,17,37.55136968,127.0699612,미운영,2013-04-05,,,,2025-04-24,일반,2,2,1,0,0,0,3,0,0,8,4,5,6,0,0,0,2,0,0,17,60,20,20,0,0,1,4,0,0,0,0,0,0,0,6,14:44.0
광진구,11215000311,예담어린이집,민간,폐지,4983,서울특별시 광진구 아차산로 537-17 광장힐스테이트 관리동 (광장동),02-444-2008,,,4,63,0,4,0,23,0,37.54288301,127.0996302,미운영,2013-03-12,,,2017-12-31,2025-04-24,일반,1,1,2,1,0,0,1,0,0,6,0,0,0,0,0,0,0,0,0,0,,,,,,,,,,,,,,,,14:45.0
광진구,11215000312,유정어린이집,가정,폐지,5064,서울특별시 광진구 자양번영로 48 (자양동),02-400-7729,02-400-7729,,4,125,0,5,0,20,0,37.53377495,127.0761123,미운영,2013-03-11,,,2021-04-30,2025-04-24,일반,0,2,0,0,0,0,9,0,0,11,0,0,0,0,0,0,0,0,0,0,,,,,,,,,,,,,,,,14:45.0
광진구,11215000309,현대아이사랑어린이집,가정,정상,5118,"서울특별시 광진구 광나루로56길 32 208동105호(구의동,구의현대아파트)",02-455-6780,02-455-6780,,4,64,0,4,6,19,15,37.53782582,127.0962201,미운영,2013-03-06,,,,2025-04-24,일반,2,2,2,0,0,0,4,0,0,10,2,4,7,0,0,0,2,0,0,15,0,0,40,40,20,1,4,0,0,0,0,0,0,0,6,14:45.0
광진구,11215000310,아이다솜어린이집,가정,폐지,4993,서울특별시 광진구 자양로33길 50 (구의동),02-456-3672,,,4,76,1,4,0,20,0,37.54787017,127.0866413,미운영,2013-03-06,,,2024-11-01,2025-04-24,일반,1,2,1,0,0,0,2,0,0,6,0,0,0,0,0,0,0,0,0,0,,,,,,,,,,,,,,,,14:45.0
광진구,11215000307,엄마사랑키즈어린이집,민간,폐지,4905,서울특별시 광진구 동일로76길 59 (중곡동),02-466-1242,02-468-1242,,7,206,1,10,0,48,0,37.53459226,127.0773622,미운영,2013-03-06,,,2021-02-28,2025-04-24,야간연장형,1,2,1,1,0,0,2,0,0,7,0,0,0,0,0,0,0,0,0,0,,,,,,,,,,,,,,,,14:45.0
광진구,11215000308,포도나무어린이집,가정,폐지,5108,"서울특별시 광진구 뚝섬로52마길 56 102동101호(자양동,로얄동아파트)",02-6212-0516,02-6212-0516,,4,59,0,4,0,19,0,37.52809164,127.0813831,미운영,2013-03-06,,,2024-03-18,2025-04-24,일반,3,3,1,0,0,0,2,0,0,9,0,0,0,0,0,0,0,0,0,0,,,,,,,,,,,,,,,,14:45.0
광진구,11215000037,구립 수호천사어린이집,국공립,정상,4934,서울특별시 광진구 긴고랑로17길 8 (중곡동),02-447-2373,02-465-2373,https://cafe.naver.com/soohoangles,5,110,0,10,9,40,39,37.562725,127.084236,미운영,2013-03-01,,,,2025-04-24,야간연장형,0,2,2,1,0,0,0,1,0,6,0,10,8,8,0,0,0,13,0,39,29,29,14,0,29,1,7,0,0,0,0,0,1,0,9,14:44.0
광진구,11215000305,아이나무어린이집,가정,폐지,5028,"서울특별시 광진구 아차산로39길 11 101호(자양동,성진빌리지)",02-3425-1003,,,3,59,0,5,0,18,0,37.53852808,127.0769272,미운영,2013-02-25,,,2020-03-03,2025-04-24,일반,0,0,1,0,0,0,7,0,0,8,0,0,0,0,0,0,0,0,0,0,,,,,,,,,,,,,,,,14:45.0
광진구,11215000306,아이꿈터어린이집,가정,폐지,4945,"서울특별시 광진구 긴고랑로36길 27-7 101호(중곡동, 대성빌라)",02-973-7593,,,3,62,0,0,0,16,0,37.55826141,127.090148,미운영,2013-02-25,,,2014-09-24,2025-04-24,일반,0,0,0,0,0,0,1,0,0,1,0,0,0,0,0,0,0,0,0,0,,,,,,,,,,,,,,,,14:45.0
광진구,11215000304,꼬마숲극동어린이집,가정,폐지,4971,"서울특별시 광진구 아차산로 552 1동103호(광장동, 극동아파트)",02-402-7470,02-402-7470,,4,64,0,4,0,19,0,37.54367762,127.1060086,미운영,2013-02-01,,,2022-02-28,2025-04-24,일반,0,2,1,0,0,0,1,0,0,4,0,0,0,0,0,0,0,0,0,0,,,,,,,,,,,,,,,,14:44.0
광진구,11215000303,햇살가득어린이집,가정,폐지,5025,서울특별시 광진구 자양로19길 60 1층(자양동),02-457-1600,02-457-1603,,4,93,0,4,0,20,0,37.5383133,127.0802128,미운영,2013-01-15,,,2022-03-16,2025-04-24,일반,0,0,0,0,0,0,2,0,0,2,0,0,0,0,0,0,0,0,0,0,,,,,,,,,,,,,,,,14:45.0
광진구,11215000302,고은아이어린이집,가정,정상,5087,서울특별시 광진구 능동로3길 53 1동 102호(자양동),02-464-1355,070-7625-1355,,4,57,1,4,8,19,12,37.534225,127.0645182,미운영,2012-12-31,,,,2025-04-24,일반,2,1,1,1,0,0,5,0,0,10,3,3,4,0,0,0,2,0,0,12,20,20,0,20,40,1,4,0,0,0,0,0,2,0,8,14:44.0
광진구,11215000301,극동예랑어린이집,가정,정상,4971,"서울특별시 광진구 아차산로 552 6동 109호(광장동, 극동아파트)",02-454-1140,,,4,83,0,4,7,19,14,37.54367762,127.1060086,미운영,2012-12-21,,,,2025-04-24,일반,2,1,1,1,0,0,1,0,0,6,2,4,6,0,0,0,2,0,0,14,33,17,0,0,50,1,5,0,0,0,0,0,0,0,7,14:44.0
광진구,11215000299,야호어린이집,가정,폐지,4971,"서울특별시 광진구 아차산로 552 11동 101호(광장동, 극동아파트)",02-455-5500,02-455-5500,,4,66,0,4,0,19,0,37.54367762,127.1060086,미운영,2012-12-21,,,2023-02-28,2025-04-24,일반,1,1,2,0,0,0,9,0,0,13,0,0,0,0,0,0,0,0,0,0,,,,,,,,,,,,,,,,14:45.0
광진구,11215000300,신사임당어린이집,민간,폐지,5043,서울특별시 광진구 아차산로53길 53 (구의1동 257-15),02-447-3007,02-447-3009,,4,61,0,6,0,22,0,37.53959619,127.0856226,미운영,2012-12-20,,,2021-06-15,2025-04-24,야간연장형,5,2,1,0,0,0,6,0,0,14,0,0,0,0,0,0,0,0,0,0,,,,,,,,,,,,,,,,14:45.0
광진구,11215000298,우리티움아이어린이집,민간,폐지,5036,서울특별시 광진구 구의로4길 21 (구의동),02-455-6169,,,6,182,1,8,0,56,0,37.54015458,127.0908372,미운영,2012-11-30,,,2020-02-29,2025-04-24,일반,0,2,3,0,0,0,6,1,0,12,0,0,0,0,0,0,0,0,0,0,,,,,,,,,,,,,,,,14:45.0
광진구,11215000296,키즈어린이집,가정,폐지,5090,서울특별시 광진구 뚝섬로34길 25-19 현대10차아파트 1003동 101호(자양동),02-6071-4030,,,4,51,0,3,0,19,0,37.53440197,127.0703021,미운영,2012-11-16,,,2018-01-01,2025-04-24,일반,1,3,1,0,0,0,1,0,0,6,0,0,0,0,0,0,0,0,0,0,,,,,,,,,,,,,,,,14:45.0
광진구,11215000297,다음세대어린이집,민간,폐지,5024,서울특별시 광진구 자양로 179 (구의동 254-86),02-446-8778,,,4,136,0,5,0,49,0,37.54373799,127.0844278,운영,2012-11-16,,,2020-07-02,2025-04-24,일반,0,0,2,1,1,1,0,0,0,5,0,0,0,0,0,0,0,0,0,0,,,,,,,,,,,,,,,,14:44.0
광진구,11215000294,유정인어린이집,가정,폐지,4975,서울특별시 광진구 자양로42길 20-6 (실제주소)자양로42길 20-10 101호,02-452-0804,02-452-0804,,3,53,0,4,0,13,0,37.54877517,127.0909697,미운영,2012-10-24,,,2020-07-02,2025-04-24,일반,0,0,0,0,0,0,7,0,0,7,0,0,0,0,0,0,0,0,0,0,,,,,,,,,,,,,,,,14:45.0
광진구,11215000295,리틀곤지곤지어린이집,가정,폐지,4947,서울특별시 광진구 긴고랑로46나길 4,02-3437-6086,,,3,58,0,0,0,16,0,37.55994396,127.0954558,미운영,2012-10-23,,,2020-07-02,2025-04-24,일반,1,0,0,0,0,0,2,0,0,3,0,0,0,0,0,0,0,0,0,0,,,,,,,,,,,,,,,,14:45.0
광진구,11215000292,광진티움아이어린이집,민간,폐지,5049,서울특별시 광진구 구의강변로3길 7-6,02-446-1279,,,4,114,0,5,0,37,0,37.53557358,127.0912978,미운영,2012-10-08,,,2021-07-31,2025-04-24,일반,3,2,3,0,0,0,4,0,0,12,0,0,0,0,0,0,0,0,0,0,,,,,,,,,,,,,,,,14:44.0
광진구,11215000293,꼬마숲청구어린이집,가정,폐지,4984,"서울특별시 광진구 아차산로 503-23 104동 113호(광장동, 청구아파트)",02-447-4191,02-447-4192,http://www.littleforest.co.kr/home/Gwangjang/menu3_1_list_class_1.asp,3,72,0,5,0,19,0,37.54248877,127.0647741,미운영,2012-10-05,,,2020-07-02,2025-04-24,일반,1,1,2,0,0,0,4,0,0,8,0,0,0,0,0,0,0,0,0,0,,,,,,,,,,,,,,,,14:44.0
광진구,11215000291,큰빛어린이집,가정,폐지,4955,"서울특별시 광진구 자양로 323 나동 101동(구의동, 궁전빌라)",02-444-7779,070-8118-9507,,4,81,0,4,0,18,0,37.55430155,127.0936969,미운영,2012-08-28,,,2023-03-01,2025-04-24,일반,2,1,1,1,0,0,3,0,0,8,0,0,0,0,0,0,0,0,0,0,,,,,,,,,,,,,,,,14:45.0
광진구,11215000290,아이비키즈어린이집,민간,정상,5070,"서울특별시 광진구 뚝섬로35길 14 (자양동, 한라아파트,  상가 B동 101호",02-446-1260,02-2201-1262,http://club.cyworld.com/iokkids,5,105,1,6,12,31,31,37.53511887,127.070796,미운영,2012-08-20,,,,2025-04-24,일반,3,2,2,0,0,0,0,0,0,7,9,10,12,0,0,0,0,0,0,31,30,20,20,0,30,1,10,0,0,0,0,0,0,0,12,14:45.0
광진구,11215000289,하늘숲어린이집,민간,폐지,4927,서울특별시 광진구 능동로 352 1층(중곡동),02-2201-1183,02-2201-1183,,4,110,0,4,0,25,0,37.56068569,127.0817257,미운영,2012-07-25,,,2018-03-05,2025-04-24,일반,2,1,1,0,0,0,2,0,0,6,0,0,0,0,0,0,0,0,0,0,,,,,,,,,,,,,,,,14:45.0
광진구,11215000288,하늘숲어린이집,민간,폐지,4927,서울특별시 광진구 능동로 352 1층,02-2201-1183,,,4,85,0,0,0,0,0,,,미운영,2012-07-25,,,2012-08-01,2025-04-24,일반,0,0,0,0,0,0,0,0,0,0,0,0,0,0,0,0,0,0,0,0,,,,,,,,,,,,,,,,14:45.0
광진구,11215000287,사과나무어린이집,가정,폐지,4929,서울특별시 광진구 능동로38길 38 (중곡동),02-453-4795,,,4,91,0,5,0,20,0,37.55691956,127.0817126,미운영,2012-06-28,,,2017-03-29,2025-04-24,일반,1,2,3,0,0,0,3,0,0,9,0,0,0,0,0,0,0,0,0,0,,,,,,,,,,,,,,,,14:45.0
광진구,11215000286,워커힐행복어린이집,직장,정상,4963,서울특별시 광진구 워커힐로 177 (광장동),02-450-6500,02-450-6502,,6,187,0,13,12,49,20,37.55613966,127.1105167,미운영,2012-06-20,,,,2025-04-24,일반,0,1,2,1,1,1,0,0,0,6,0,2,5,4,5,4,0,0,0,20,56,11,22,0,11,1,9,0,0,0,0,0,1,0,12,14:45.0
광진구,11215000285,건대티움아이어린이집,가정,폐지,5090,"서울특별시 광진구 능동로4길 41 701동 101호(자양동, 자양7차현대홈타운)",02-499-1279,02-467-1279,,3,68,0,0,0,16,0,37.54049609,127.0641795,미운영,2012-06-12,,,2018-02-28,2025-04-24,일반,1,1,1,0,0,0,1,0,0,4,0,0,0,0,0,0,0,0,0,0,,,,,,,,,,,,,,,,14:44.0
광진구,11215000284,천사어린이집,민간,폐지,5001,서울특별시 광진구 군자로 101 (군자동),02-465-7877,070-8158-7972,,4,85,0,5,0,32,0,37.55230952,127.0712601,미운영,2012-05-25,,,2021-03-31,2025-04-24,휴일보육,0,0,2,1,0,0,3,0,0,6,0,0,0,0,0,0,0,0,0,0,,,,,,,,,,,,,,,,14:45.0
광진구,11215000283,행복마루어린이집,가정,폐지,5107,"서울특별시 광진구 뚝섬로56가길 10 301동 105호(자양동, 현대3차아파트)",02-455-0516,02-455-0516,,4,90,0,4,0,20,0,37.52788473,127.083555,미운영,2012-05-23,,,2019-02-28,2025-04-24,일반,1,2,1,0,0,0,0,0,0,4,0,0,0,0,0,0,0,0,0,0,,,,,,,,,,,,,,,,14:45.0
광진구,11215000282,아이누리어린이집,가정,정상,5070,"서울특별시 광진구 뚝섬로33길 20 (자양3동, 한라아파트 101동 104호)",02-2201-1260,02-2201-1260,,3,87,0,5,9,20,19,37.53529257,127.0695742,미운영,2012-05-11,,,,2025-04-24,일반,2,1,1,0,0,0,3,0,0,7,6,0,5,0,0,0,8,0,0,19,88,0,13,0,0,1,7,0,0,0,0,0,0,0,9,14:45.0
광진구,11215000281,아기천사어린이집,가정,폐지,5092,"서울특별시 광진구 뚝섬로 576 201동 107호(자양동, 우성2차아파트)",070-7856-6645,,http://cafe.daum.net/babyangel2012,4,80,0,4,0,18,0,37.53303033,127.0738624,미운영,2012-04-30,,,2025-02-28,2025-04-24,일반,2,2,2,1,1,0,0,0,0,8,0,0,0,0,0,0,0,0,0,0,,,,,,,,,,,,,,,,14:45.0
광진구,11215000131,해피i어린이집,가정,정상,5066,"서울특별시 광진구 아차산로36길 35 702-105(자양동,우성7차아파트 )",02-454-1565,02-457-1569,,4,84,1,4,6,19,15,37.53708105,127.0741017,미운영,2011-05-11,,,,2025-04-24,일반,3,3,0,0,0,0,1,0,0,7,9,6,0,0,0,0,0,0,0,15,40,0,20,20,20,1,4,0,0,0,0,0,0,0,6,14:45.0
광진구,11215000080,참빛어린이집,가정,폐지,5088,서울특별시 광진구 뚝섬로22길 89 가동 103호(자양동),02-455-1998,02-455-1998,,3,93,0,0,0,20,0,37.53061674,127.0832729,운영,2011-04-15,,,2020-07-02,2025-04-24,일반,3,2,2,0,0,0,3,1,0,11,0,0,0,0,0,0,0,0,0,0,,,,,,,,,,,,,,,,14:45.0
광진구,11215000199,이삭어린이집,가정,폐지,5094,서울특별시 광진구 뚝섬로40길 63-10 (자양동),02-453-5359,02-499-5359,,5,124,0,6,0,20,0,37.53105146,127.0719562,미운영,2011-03-31,,,2025-02-28,2025-04-24,야간연장형,1,1,0,0,0,0,4,0,0,6,0,0,0,0,0,0,0,0,0,0,,,,,,,,,,,,,,,,14:45.0
광진구,11215000082,키즈팜어린이집,민간,폐지,5062,서울특별시 광진구 뚝섬로47길 33 (자양동),02-453-8030,02-453-0567,,4,130,0,5,0,30,0,37.53391,127.0787,미운영,2011-03-31,,,2024-11-09,2025-04-24,"일반,시간제보육",6,4,2,0,0,0,9,2,0,23,0,0,0,0,0,0,0,0,0,0,,,,,,,,,,,,,,,,14:45.0
광진구,11215000099,아이사랑어린이집,가정,폐지,5102,서울특별시 광진구 자양로3길 60 (자양동),02-2201-5151,02-2201-5151,,4,85,0,4,0,18,0,37.529705,127.08326,미운영,2011-03-25,,,2024-02-29,2025-04-24,일반,2,2,1,0,0,0,0,0,0,5,0,0,0,0,0,0,0,0,0,0,,,,,,,,,,,,,,,,14:45.0
광진구,11215000006,상상놀이터어린이집,가정,정상,5112,서울특별시 광진구 자양로6길 9 (자양동),02-6406-4947,02-446-4947,,4,106,0,4,5,19,5,37.53208578,127.0864459,미운영,2011-03-03,,,,2025-04-24,일반,1,0,1,1,0,0,6,0,0,9,2,0,0,0,0,0,3,0,0,5,25,0,0,25,50,1,3,0,0,0,0,0,0,0,5,14:45.0
광진구,11215000280,휴먼시아어린이집,가정,폐지,4981,"서울특별시 광진구 천호대로 716 102동 102호(구의동,휴먼시아 아파트)",02-456-9709,02-446-9709,,3,92,0,5,0,20,0,37.54717727,127.0899414,미운영,2011-01-31,,,2017-02-28,2025-04-24,일반,0,0,1,0,0,0,4,0,0,5,0,0,0,0,0,0,0,0,0,0,,,,,,,,,,,,,,,,14:45.0
광진구,11215000193,이정아어린이집,민간,폐지,5093,서울특별시 광진구 자양번영로 17 (자양동),02-458-5999,02-458-9993,,4,92,0,0,0,24,0,37.53247563,127.0843656,미운영,2010-09-13,,,2013-03-18,2025-04-24,일반,2,2,1,0,0,0,8,0,0,13,0,0,0,0,0,0,0,0,0,0,,,,,,,,,,,,,,,,14:45.0
광진구,11215000156,사랑해어린이집,민간,폐지,5108,서울특별시 광진구 뚝섬로52마길 66 (자양동),02-452-1198,,,4,128,1,6,0,30,0,37.52857186,127.0820439,미운영,2010-05-04,,,2022-08-31,2025-04-24,일반,0,1,2,0,0,0,2,0,0,5,0,0,0,0,0,0,0,0,0,0,,,,,,,,,,,,,,,,14:45.0
광진구,11215000145,영재어린이집,가정,폐지,4952,서울특별시 광진구 천호대로129길 27 (중곡동),02-455-5117,02-455-5116,,4,77,1,0,0,20,0,37.55305665,127.0909974,미운영,2009-09-11,,,2020-07-02,2025-04-24,일반,1,0,0,0,0,0,3,0,0,4,0,0,0,0,0,0,0,0,0,0,,,,,,,,,,,,,,,,14:45.0
광진구,11215000233,향기나무어린이집,가정,정상,4971,서울특별시 광진구 아차산로 552 (광장동) 극동아파트 6동 105호,02-3436-3995,02-6925-3994,,4,68,2,4,7,20,14,37.54672856,127.1037451,미운영,2008-08-01,,,,2025-04-24,일반,2,1,1,0,0,0,2,0,0,6,3,3,4,0,0,0,4,0,0,14,17,17,17,17,33,1,5,0,0,0,0,0,0,0,7,14:45.0
광진구,11215000228,은혜어린이집,민간,폐지,5094,서울특별시 광진구 뚝섬로40길 63-10 (자양동),02-458-7232,02-458-7232,,4,139,0,6,0,32,0,37.531044,127.07194,미운영,2007-12-27,,,2018-07-10,2025-04-24,일반,0,2,1,1,0,0,2,1,0,7,0,0,0,0,0,0,0,0,0,0,,,,,,,,,,,,,,,,14:45.0
광진구,11215000224,푸른숲어린이집,민간,폐지,4910,서울특별시 광진구 긴고랑로11길 23 (중곡동),02-3409-2999,02-467-2999,,4,140,0,4,0,28,0,37.56432206,127.0817568,미운영,2007-06-15,,,2020-03-10,2025-04-24,야간연장형,2,2,1,0,0,0,4,0,0,9,0,0,0,0,0,0,0,0,0,0,,,,,,,,,,,,,,,,14:45.0
광진구,11215000222,선린어린이집,민간,폐지,5063,서울특별시 광진구 뚝섬로43길 14 (자양동),02-447-8093,02-447-8096,cafe.daum.net/selinbgh,9,274,1,16,0,60,0,37.53337,127.07692,미운영,2007-04-23,,,2022-03-16,2025-04-24,"장애아통합,방과후통합,야간연장형",0,1,2,1,1,1,1,1,5,13,0,0,0,0,0,0,0,0,0,0,,,,,,,,,,,,,,,,14:45.0
광진구,11215000221,성산 어린이집,민간,폐지,4983,서울특별시 광진구 아차산로69길 32 광장동 413동 20호(광장동),02-456-0157,02-458-7124,,2,102,4,0,0,39,0,37.54342435,127.0987347,운영,2007-04-23,,,2012-12-21,2025-04-24,일반,0,1,1,0,0,0,0,0,0,2,0,0,0,0,0,0,0,0,0,0,,,,,,,,,,,,,,,,14:45.0
광진구,11215000220,나섬어린이집,가정,정상,4966,"서울특별시 광진구 광장로1나길 4 107호(광장동, 동부빌라)",02-6497-0033,02-444-0204,nasom.or.kr,4,80,0,3,4,20,11,37.54866467,127.1028334,미운영,2007-04-02,,,,2025-04-24,"야간연장형,24시간",0,0,0,0,0,0,1,1,0,2,0,0,0,0,0,0,2,9,0,11,0,33,0,0,67,1,2,0,0,0,0,0,0,0,4,14:44.0
광진구,11215000218,푸른산어린이집,민간,폐지,4995,서울특별시 광진구 면목로5길 54 (군자동),02-463-1148,02-466-1248,https://cafe.naver.com/gmloveu,4,143,1,5,0,34,0,37.55623318,127.0730247,미운영,2007-04-01,,,2020-03-26,2025-04-24,일반,2,0,1,1,0,0,1,0,0,5,0,0,0,0,0,0,0,0,0,0,,,,,,,,,,,,,,,,14:45.0
광진구,11215000217,다예린어린이집,민간,정상,4967,서울특별시 광진구 광장로 65 (광장동),02-455-2366,02-455-2366,http://cafe.daum.net/다예린어린이집,4,154,1,6,10,35,35,37.54753175,127.1043075,운영,2007-04-01,,,,2025-04-24,일반,2,2,2,1,0,0,0,1,0,8,3,10,14,0,0,0,0,8,0,35,38,13,0,25,25,1,8,0,0,0,0,0,0,0,10,14:44.0
광진구,11215000216,돌고래어린이집,가정,폐지,5086,"서울특별시 광진구 능동로 19 101동 103호(자양동, 한강현대아파트)",02-467-4720,,,3,83,0,4,0,19,0,37.5332631,127.0667412,미운영,2007-04-01,,,2019-02-28,2025-04-24,일반,0,1,1,0,0,0,4,0,0,6,0,0,0,0,0,0,0,0,0,0,,,,,,,,,,,,,,,,14:44.0
광진구,11215000215,해피용마어린이집,민간,폐지,4942,서울특별시 광진구 용마산로12길 5 (중곡동),02-453-7938,02-453-7939,,7,341,3,16,0,80,0,37.5609553,127.0878152,운영,2007-04-01,,,2023-03-02,2025-04-24,야간연장형,0,0,2,0,0,0,3,3,0,8,0,0,0,0,0,0,0,0,0,0,,,,,,,,,,,,,,,,14:45.0
광진구,11215000211,꼬마뜰어린이집,가정,폐지,4949,서울특별시 광진구 자양로53길 110 101호(중곡동),02-444-3149,,,3,84,1,0,0,20,0,37.55716283,127.0893137,미운영,2007-02-21,,,2020-07-02,2025-04-24,일반,1,1,0,0,0,0,0,0,0,2,0,0,0,0,0,0,0,0,0,0,,,,,,,,,,,,,,,,14:44.0
광진구,11215000210,대공원어린이집,가정,재개,4986,서울특별시 광진구 천호대로116길 22-12 (능동),02-455-3595,02-455-3595,,3,56,1,4,4,18,6,37.55280432,127.0832247,미운영,2007-02-01,,,,2025-04-24,일반,1,0,0,0,0,0,3,0,0,4,3,0,0,0,0,0,3,0,0,6,100,0,0,0,0,1,2,0,0,0,0,0,0,0,4,14:44.0
광진구,11215000212,새벽어린이집,민간,폐지,4947,서울특별시 광진구 영화사로 53 (중곡동),02-458-5279,--,,3,74,0,5,0,21,0,37.55569357,127.0925488,미운영,2007-01-31,,,2024-02-01,2025-04-24,일반,0,1,2,0,0,0,6,0,0,9,0,0,0,0,0,0,0,0,0,0,,,,,,,,,,,,,,,,14:45.0
광진구,11215000184,늘평화어린이집,민간,정상,4908,서울특별시 광진구 능동로51길 17 (중곡동),02-499-7758,02-499-7759,다음카페,8,511,1,16,16,94,65,37.565952,127.083145,미운영,2007-01-31,,,,2025-04-24,일반,2,3,2,1,1,1,1,0,0,11,3,12,12,14,12,11,1,0,0,65,15,23,23,31,8,1,13,0,0,0,0,0,1,0,16,14:44.0
광진구,11215000209,진아어린이집,민간,폐지,5053,서울특별시 광진구 자양번영로10길 3 (자양동),02-455-2229,02-458-9222,,5,169,0,0,0,39,0,37.53629,127.07683,운영,2006-11-10,,,2013-12-31,2025-04-24,야간연장형,2,1,3,1,0,0,6,3,0,16,0,0,0,0,0,0,0,0,0,0,,,,,,,,,,,,,,,,14:45.0
광진구,11215000213,구의사랑어린이집,가정,폐지,4956,서울특별시 광진구 자양로50가길 12-3 (구의동),02-456-7339,02-455-7339,,5,64,0,3,0,14,0,37.55246708,127.0937625,미운영,2006-11-10,,,2019-02-28,2025-04-24,일반,5,1,0,0,0,0,3,0,0,9,0,0,0,0,0,0,0,0,0,0,,,,,,,,,,,,,,,,14:44.0
광진구,11215000208,광장사임당어린이집,가정,폐지,4983,"서울특별시 광진구 아차산로 549 1003동 101호(광장동, 현대파크빌)",02-458-7393,02-458-7393,http://cafe.naver.com/gjsaimdang1,3,86,0,4,0,20,0,37.54387933,127.1019806,미운영,2006-10-10,,,2019-05-31,2025-04-24,일반,0,2,1,1,0,0,2,0,0,6,0,0,0,0,0,0,0,0,0,0,,,,,,,,,,,,,,,,14:44.0
광진구,11215000207,아랑어린이집,가정,폐지,5098,서울특별시 광진구 뚝섬로46길 53 (자양동),02-3437-3999,02-3437-3999,,3,68,1,0,0,16,0,37.53061674,127.0832729,미운영,2006-07-31,,,2013-11-19,2025-04-24,일반,1,1,1,0,0,0,2,0,0,5,0,0,0,0,0,0,0,0,0,0,,,,,,,,,,,,,,,,14:45.0
광진구,11215000103,꿈동산어린이집,가정,폐지,4996,"서울특별시 광진구 면목로4길 3 101호(군자동, 동산골든빌라)",02-462-0363,02-462-0363,,3,69,0,0,0,18,0,37.55582045,127.0760664,미운영,2006-07-13,,,2025-02-28,2025-04-24,일반,0,0,1,0,0,0,1,0,0,2,0,0,0,0,0,0,0,0,0,0,,,,,,,,,,,,,,,,14:44.0
광진구,11215000020,아띠어린이집,가정,폐지,5118,"서울특별시 광진구 광나루로56길 32 (구의동, 구의현대2단지아파트 213동 102호)",02-454-7911,02-454-7933,,3,84,0,4,0,19,0,37.53745566,127.0949072,미운영,2006-04-11,,,2018-08-31,2025-04-24,일반,2,2,2,0,0,0,1,0,0,7,0,0,0,0,0,0,0,0,0,0,,,,,,,,,,,,,,,,14:45.0
광진구,11215000040,서울서광어린이집,민간,폐지,4975,서울특별시 광진구 자양로 238 (구의2동),02-452-7929,02-3436-7929,,4,176,0,5,0,49,0,37.54771739,127.0885739,미운영,2006-03-14,,,2020-02-29,2025-04-24,야간연장형,0,3,4,1,0,0,0,1,0,9,0,0,0,0,0,0,0,0,0,0,,,,,,,,,,,,,,,,14:45.0
광진구,11215000045,엄마사랑어린이집,민간,정상,4904,서울특별시 광진구 면목로 164 (중곡동),02-452-0804,02-467-0804,,4,115,2,4,7,29,7,37.567726,127.08243,미운영,2006-03-06,,,,2025-04-24,"야간연장형,시간제보육",3,2,1,0,0,0,2,0,0,8,2,3,0,0,0,0,2,0,0,7,40,0,20,40,0,1,4,0,0,0,0,0,1,0,7,14:45.0
광진구,11215000015,푸르내어린이집,민간,정상,4945,서울특별시 광진구 긴고랑로36길 15 (중곡동),02-3436-3488,02-3436-3487,,6,261,1,12,13,74,43,37.55834838,127.0895189,운영,2006-03-02,,,,2025-04-24,야간연장형,2,1,1,1,1,1,0,0,0,7,5,3,5,10,13,7,0,0,0,43,44,22,22,0,11,1,9,0,0,0,0,0,1,0,13,14:45.0
광진구,11215000044,에바다어린이집,가정,폐지,4947,서울특별시 광진구 긴고랑로44길 34 (중곡동),02-444-9886,02-444-9886,,3,102,0,0,0,20,0,37.55994396,127.0954558,운영,2006-02-23,,,2017-03-09,2025-04-24,일반,1,1,0,0,0,0,1,0,0,3,0,0,0,0,0,0,0,0,0,0,,,,,,,,,,,,,,,,14:45.0
광진구,11215000147,수정어린이집,민간,폐지,4995,서울특별시 광진구 천호대로102길 41 (군자동),02-466-4807,02-466-4807,suj4807@daum.net,5,162,1,6,0,37,0,37.55719517,127.0734693,미운영,2006-02-23,,,2023-02-28,2025-04-24,일반,1,1,4,0,0,0,5,2,0,13,0,0,0,0,0,0,0,0,0,0,,,,,,,,,,,,,,,,14:45.0
광진구,11215000088,샘물어린이집,가정,폐지,5105,서울특별시 광진구 뚝섬로58길 56 (자양동),02-3437-7737,02-3437-7737,,3,54,0,4,0,20,0,37.53076,127.08318,미운영,2006-02-06,,,2020-10-01,2025-04-24,일반,3,1,1,0,0,0,2,0,0,7,0,0,0,0,0,0,0,0,0,0,,,,,,,,,,,,,,,,14:45.0
광진구,11215000078,산위의마을어린이집,민간,정상,4926,서울특별시 광진구 용마산로7길 39 (중곡동),02-457-8953,02-457-8951,,3,144,1,6,6,33,15,37.55948,127.08544,미운영,2006-02-06,,,,2025-04-24,"일반,시간제보육",1,1,1,0,0,1,3,1,0,8,0,0,0,0,0,0,4,11,0,15,25,50,0,0,25,1,4,0,0,0,0,0,0,0,6,14:45.0
광진구,11215000137,동원어린이집,민간,폐지,5038,서울특별시 광진구 자양로 180-1 (구의동),02-455-7717,02-455-9270,dldhrghks51@naver.com,3,197,0,3,0,40,0,37.54364751,127.0849709,미운영,2006-02-01,,,2017-03-10,2025-04-24,방과후 전담,0,0,0,0,0,0,0,0,0,0,0,0,0,0,0,0,0,0,0,0,,,,,,,,,,,,,,,,14:44.0
광진구,11215000120,구립 상명어린이집,국공립,정상,4902,서울특별시 광진구 동일로80길 30 (중곡동),02-464-5984,02-497-5984,,5,346,2,7,12,65,45,37.56993,127.08142,미운영,2005-12-31,,,,2025-04-24,야간연장형,2,1,2,1,0,0,1,1,0,8,3,4,9,13,0,0,3,13,0,45,22,22,56,0,0,1,9,0,0,0,0,0,1,0,12,14:44.0
광진구,11215000227,새롬어린이집,가정,폐지,5117,"서울특별시 광진구 구의강변로 94 601동 105호(구의동, 구의현대6단지아파트)",02-2201-3037,02-2201-3037,,4,84,1,4,0,19,0,37.53814029,127.0950664,미운영,2005-12-30,,,2023-07-24,2025-04-24,일반,0,1,1,0,0,0,1,0,0,3,0,0,0,0,0,0,0,0,0,0,,,,,,,,,,,,,,,,14:45.0
광진구,11215000048,예나어린이집,가정,폐지,4946,서울특별시 광진구 영화사로5길 15 (중곡동),02-457-5139,02-457-5135,,4,85,2,4,0,20,0,37.55697357,127.0917762,미운영,2005-06-01,,,2021-02-28,2025-04-24,일반,1,2,1,0,0,0,2,0,0,6,0,0,0,0,0,0,0,0,0,0,,,,,,,,,,,,,,,,14:45.0
광진구,11215000003,착한어린이집,민간,폐지,5100,서울특별시 광진구 뚝섬로52다길 17 (자양동),02-453-3072,02-453-3072,,5,109,1,9,0,39,0,37.530254,127.079926,미운영,2005-05-10,,,2024-08-19,2025-04-24,야간연장형,1,1,1,0,0,0,1,1,0,5,0,0,0,0,0,0,0,0,0,0,,,,,,,,,,,,,,,,14:45.0
광진구,11215000181,새봄어린이집,민간,폐지,5010,서울특별시 광진구 군자로 28 (화양동),02-464-3107,02-464-3108,,4,181,0,4,0,37,0,37.54580102,127.0708331,운영,2005-04-11,,,2018-04-11,2025-04-24,일반,1,2,1,0,0,0,2,1,0,7,0,0,0,0,0,0,0,0,0,0,,,,,,,,,,,,,,,,14:45.0
광진구,11215000187,예랑어린이집,민간,정상,4955,서울특별시 광진구 자양로51길 11-12 (구의동),02-447-1477,02-447-1748,http://cafe.naver.com/loveyerang,5,187,0,6,13,49,39,37.55332591,127.0923603,미운영,2005-04-01,,,,2025-04-24,일반,0,3,3,1,0,0,8,2,0,17,0,7,4,9,0,0,9,10,0,39,82,0,18,0,0,1,11,0,0,0,0,0,1,0,13,14:45.0
광진구,11215000201,하늘땅별땅어린이집,민간,폐지,4995,서울특별시 광진구 동일로56길 15 (군자동),02-498-3062,02-464-8188,,6,267,0,8,0,47,0,37.55585604,127.0736763,미운영,2005-03-07,,,2019-02-28,2025-04-24,"야간연장형,24시간",2,2,1,1,0,0,0,1,0,7,0,0,0,0,0,0,0,0,0,0,,,,,,,,,,,,,,,,14:45.0
광진구,11215000192,샤론어린이집,민간,폐지,5056,서울특별시 광진구 자양로 55 (자양동),02-467-5999,02-497-2999,,5,158,0,0,0,37,0,37.53247563,127.0843656,미운영,2005-03-02,,,2013-06-11,2025-04-24,야간연장형,5,1,3,1,0,0,6,2,0,18,0,0,0,0,0,0,0,0,0,0,,,,,,,,,,,,,,,,14:45.0
광진구,11215000051,꼬꼬마어린이집,가정,정상,5046,"서울특별시 광진구 아차산로 451 101동 105호(구의동, 세림리오빌)",02-447-0739,,,4,83,0,4,6,20,15,37.53924543,127.0920852,미운영,2005-01-31,,,,2025-04-24,일반,1,2,1,2,0,0,4,0,0,10,2,3,8,0,0,0,2,0,0,15,20,0,20,0,60,1,4,0,0,0,0,0,0,0,6,14:44.0
광진구,11215000092,지안어린이집,민간,정상,5102,서울특별시 광진구 뚝섬로58가길 26-4 (자양동),02-3436-3866,--,,7,253,1,8,10,58,32,37.53051,127.08332,미운영,2005-01-29,,,,2025-04-24,일반,3,4,0,1,0,0,10,3,0,21,2,3,0,0,0,0,13,14,0,32,57,14,14,0,14,1,7,0,0,0,0,0,1,0,10,14:45.0
광진구,11215000077,참다운어린이집,가정,폐지,4995,서울특별시 광진구 동일로56나길 16 (군자동),02-452-8953,02-452-8953,,3,65,0,0,0,14,0,37.55617976,127.0746838,미운영,2005-01-28,,,2020-07-02,2025-04-24,일반,0,0,0,0,0,0,2,0,0,2,0,0,0,0,0,0,0,0,0,0,,,,,,,,,,,,,,,,14:45.0
광진구,11215000161,홍어린이집,민간,폐지,5056,"서울특별시 광진구 자양로 55 2동 15호(자양동, 자양)",02-452-8147,02-452-8147,,3,150,0,0,1,35,0,32.5220735,123.7417872,,2005-01-28,,,2020-07-02,2025-04-24,일반,0,0,1,0,0,0,1,1,0,3,0,0,0,0,0,0,0,0,0,0,,,,,,1,0,0,0,0,0,0,0,0,1,14:45.0
광진구,11215000190,꼬마사랑어린이집,가정,정상,4913,서울특별시 광진구 긴고랑로8길 14 (중곡동),02-464-6788,0303-3443-6787,,4,77,0,4,7,16,12,37.562775,127.07862,미운영,2005-01-28,,,,2025-04-24,일반,1,1,1,0,0,0,0,0,0,3,3,5,4,0,0,0,0,0,0,12,20,20,40,0,20,1,4,0,0,0,0,0,1,0,7,14:44.0
광진구,11215000017,미파어린이집,민간,폐지,4903,서울특별시 광진구 용마산로 185 (중곡동),02-434-3625,02-434-5291,,3,135,0,4,0,48,0,37.570232,127.08589,운영,2005-01-28,,,2021-02-28,2025-04-24,일반,0,1,2,1,0,0,2,1,0,7,0,0,0,0,0,0,0,0,0,0,,,,,,,,,,,,,,,,14:45.0
광진구,11215000086,보배어린이집,민간,정상,5067,"서울특별시 광진구 아차산로36길 39 3동 1호(자양동, 자양우성7차아파트)",02-457-1565,02-457-1569,,5,249,1,6,10,48,32,37.53708105,127.0741017,미운영,2005-01-28,,,,2025-04-24,일반,3,2,4,0,0,0,1,0,0,10,8,5,19,0,0,0,0,0,0,32,25,25,13,0,38,1,8,0,0,0,0,0,0,0,10,14:45.0
광진구,11215000060,아름다운어린이집,민간,폐지,4924,서울특별시 광진구 천호대로123길 34 (중곡동),02-444-5561,02-444-5562,,6,150,0,11,0,49,0,37.55669614,127.0868234,미운영,2005-01-10,,,2023-03-31,2025-04-24,야간연장형,1,1,2,0,0,0,3,3,0,10,0,0,0,0,0,0,0,0,0,0,,,,,,,,,,,,,,,,14:45.0
광진구,11215000049,바른선어린이집,민간,폐지,4915,서울특별시 광진구 긴고랑로10길 58 (중곡동),02-467-9080,02-467-9080,,5,242,2,6,0,64,0,37.560574,127.07901,미운영,2005-01-10,,,2020-04-29,2025-04-24,야간연장형,0,3,3,0,0,0,5,1,0,12,0,0,0,0,0,0,0,0,0,0,,,,,,,,,,,,,,,,14:45.0
광진구,11215000084,아이가어린이집,민간,폐지,5057,서울특별시 광진구 자양로13길 52 (자양동),02-452-4551,02-452-4551,,2,128,1,0,0,23,0,37.534195,127.08153,미운영,2005-01-10,,,2016-04-04,2025-04-24,일반,1,1,1,0,0,0,3,2,0,8,0,0,0,0,0,0,0,0,0,0,,,,,,,,,,,,,,,,14:45.0
광진구,11215000066,경원어린이집,민간,폐지,143816,서울 광진구 구의2동 20-17,02-446-9212,02-6406-9212,1111316@naver.com,3,87,0,0,0,23,0,,,,2004-12-31,,,2010-06-23,2025-04-24,"야간연장형,24시간",0,0,0,0,0,0,0,0,0,0,0,0,0,0,0,0,0,0,0,0,,,,,,,,,,,,,,,,14:44.0
광진구,11215000164,키즈랜드어린이집,가정,정상,4936,서울특별시 광진구 능동로48길 56 (중곡동),02-453-0860,02-456-0860,,4,110,0,5,1,20,0,37.56175846,127.0857021,미운영,2004-12-31,,,,2025-04-24,야간연장형,1,2,3,0,0,0,4,1,0,11,0,0,0,0,0,0,0,0,0,0,0,0,0,0,100,1,0,0,0,0,0,0,0,0,1,14:45.0
광진구,11215000081,물고기어린이집,가정,폐지,5090,"서울특별시 광진구 뚝섬로36길 18 1006동 102호(자양동, 자양현대홈타운10차아파트)",070-8278-4030,,,3,84,3,3,0,20,0,37.54066249,127.06614,미운영,2004-12-10,,,2019-02-28,2025-04-24,일반,0,2,2,0,0,0,2,0,0,6,0,0,0,0,0,0,0,0,0,0,,,,,,,,,,,,,,,,14:45.0
광진구,11215000162,경원어린이집,민간,폐지,4954,서울특별시 광진구 자양로 297 (구의동),02-446-9212,02-6406-9212,,4,135,0,6,0,31,0,37.55270995,127.0919521,미운영,2004-11-22,,,2018-03-09,2025-04-24,"야간연장형,24시간",1,2,2,0,0,0,6,0,0,11,0,0,0,0,0,0,0,0,0,0,,,,,,,,,,,,,,,,14:44.0
광진구,11215000163,서울숲어린이집,가정,재개,5085,서울특별시 광진구 뚝섬로28길 13 (자양4동45-2),02-499-1998,02-455-1998,ninjapig0@hanmail.net,3,55,0,4,5,17,7,37.53572815,127.0652895,미운영,2004-11-19,,,,2025-04-24,일반,3,1,0,0,0,0,5,2,0,11,0,0,0,0,0,0,2,5,0,7,33,33,0,0,33,1,2,0,0,0,0,0,1,0,5,14:45.0
광진구,11215000107,호동어린이집,법인?단체등,폐지,5001,"서울특별시 광진구 동일로40길 34 101동101호(군자동,호동아파트)",02-498-4772,02-498-4772,호동놀이방,3,82,0,3,0,20,0,37.55147384,127.0705124,미운영,2004-11-05,,,2018-03-31,2025-04-24,"영아전담,야간연장형,휴일보육,24시간",0,0,1,0,0,0,5,0,0,6,0,0,0,0,0,0,0,0,0,0,,,,,,,,,,,,,,,,14:45.0
광진구,11215000105,동화나라어린이집,민간,폐지,5072,서울특별시 광진구 동일로18길 57 (자양동),02-465-6746,02-465-6746,,4,98,0,8,0,39,0,37.539227,127.06608,미운영,2004-10-01,,,2019-02-28,2025-04-24,일반,1,1,2,0,0,0,5,1,0,10,0,0,0,0,0,0,0,0,0,0,,,,,,,,,,,,,,,,14:44.0
광진구,11215000075,동화어린이집,가정,폐지,143887,서울특별시 광진구 용마산로8길 30 (중곡동),02-453-5909,02-444-6308,,4,72,5,0,0,16,0,37.55952344,127.0892893,미운영,2004-09-24,,,2020-07-02,2025-04-24,일반,0,0,0,0,0,0,3,0,0,3,0,0,0,0,0,0,0,0,0,0,,,,,,,,,,,,,,,,14:44.0
광진구,11215000127,참조아어린이집,민간,폐지,4907,서울특별시 광진구 긴고랑로7길 65 (중곡동),02-498-9902,02-498-9905,,4,71,0,10,0,30,0,37.5662,127.080475,운영,2004-09-24,,,2023-02-28,2025-04-24,야간연장형,16,21,18,4,0,0,32,1,0,92,0,0,0,0,0,0,0,0,0,0,,,,,,,,,,,,,,,,14:45.0
광진구,11215000110,서린어린이집,민간,폐지,5002,서울특별시 광진구 동일로38길 8 (군자동),02-498-5437,02-498-5437,서린어린이집,3,150,0,5,0,35,0,37.55136968,127.0699012,운영,2004-09-06,,,2020-07-22,2025-04-24,일반,0,1,1,1,0,0,4,3,0,10,0,0,0,0,0,0,0,0,0,0,,,,,,,,,,,,,,,,14:45.0
광진구,11215000175,대서울어린이집,가정,정상,5093,서울특별시 광진구 자양번영로3길 15 (자양동),02-457-9742,02-455-702,cafe.naver.com/lovelykids585,3,58,0,4,7,20,12,37.53170216,127.0742125,미운영,2004-09-01,,,,2025-04-24,일반,0,0,0,0,0,0,4,0,0,4,0,0,0,0,0,0,12,0,0,12,17,17,17,0,50,1,5,0,0,0,0,0,0,0,7,14:44.0
광진구,11215000069,구립 진성어린이집,국공립,정상,4940,서울특별시 광진구 용마산로 152 (중곡동),02-454-3166,02-457-4166,,6,270,2,7,16,79,43,37.56716215,127.0866542,미운영,2004-08-31,,,,2025-04-24,야간연장형,2,2,2,1,0,0,0,1,0,8,5,10,10,7,0,0,0,11,0,43,29,29,21,14,7,1,14,0,0,0,0,0,1,0,16,14:44.0
광진구,11215000167,세종어린이집,민간,폐지,4996,서울특별시 광진구 면목로 12 (군자동),02-466-2329,02-466-2328,,5,243,0,7,0,64,0,37.55522609,127.075595,운영,2004-06-23,,,2022-04-29,2025-04-24,야간연장형,0,3,2,1,1,1,3,3,0,14,0,0,0,0,0,0,0,0,0,0,,,,,,,,,,,,,,,,14:45.0
광진구,11215000009,함초롬어린이집,민간,정상,4997,서울특별시 광진구 군자로 176 (군자동),02-463-8336,--,,4,112,0,6,1,30,0,37.55621573,127.077873,운영,2004-06-01,,,,2025-04-24,야간연장형,1,2,1,0,0,0,1,1,0,6,0,0,0,0,0,0,0,0,0,0,,,,,,1,0,0,0,0,0,0,0,0,1,14:45.0
광진구,11215000150,조양어린이집,민간,폐지,5075,서울특별시 광진구 뚝섬로31길 43 (자양동),02-499-7314,02-499-7314,shadows6655@gmail.com,5,229,0,6,0,39,0,37.53753502,127.0682095,운영,2004-05-01,,,2020-12-31,2025-04-24,일반,0,2,4,1,0,0,2,3,0,12,0,0,0,0,0,0,0,0,0,0,,,,,,,,,,,,,,,,14:45.0
광진구,11215000102,한성어린이집,민간,폐지,4941,서울특별시 광진구 용마산로8가길 75 (중곡동),02-3437-8511,02-3437-851,,3,74,0,0,0,27,0,37.56301291,127.088148,미운영,2004-05-01,,,2018-02-26,2025-04-24,일반,0,0,0,0,0,0,2,0,0,2,0,0,0,0,0,0,0,0,0,0,,,,,,,,,,,,,,,,14:45.0
광진구,11215000042,율곡어린이집,가정,폐지,5058,서울특별시 광진구 뚝섬로57길 48 (자양동),02-447-9313,,,4,89,0,4,0,20,0,37.533813,127.08265,미운영,2004-04-09,,,2018-09-14,2025-04-24,야간연장형,5,2,2,0,0,0,6,0,0,15,0,0,0,0,0,0,0,0,0,0,,,,,,,,,,,,,,,,14:45.0
광진구,11215000033,맘스맘용마어린이집,가정,폐지,4941,서울특별시 광진구 용마산로 104 (중곡동),02-3436-7938,02-453-7939,,3,88,0,4,1,20,0,37.56289462,127.0872786,미운영,2004-03-12,,,2020-07-02,2025-04-24,야간연장형,0,3,1,1,0,0,5,0,0,10,0,0,0,0,0,0,0,0,0,0,0,0,0,0,100,0,1,0,0,0,0,0,0,0,1,14:45.0
광진구,11215000119,대공원어린이집,가정,폐지,4986,서울특별시 광진구 천호대로116길 22-14 (능동),02-455-3594,02-455-3594,,4,78,0,5,0,20,0,37.5545472,127.0831089,미운영,2004-03-01,,,2022-02-28,2025-04-24,일반,2,0,1,0,0,0,5,0,0,8,0,0,0,0,0,0,0,0,0,0,,,,,,,,,,,,,,,,14:44.0
광진구,11215000136,원스쿨어린이집,가정,폐지,4984,"서울특별시 광진구 아차산로 503 902동 104호(광장동, 광장현대9차아파트)",02-6451-8801,,http://town.cywold.com/oneschool,3,84,2,4,0,20,6,37.54069839,127.0988238,미운영,2004-02-19,,,2017-02-28,2025-04-24,일반,2,0,2,0,0,0,0,0,0,4,0,0,0,0,0,0,0,0,0,0,,,,,,,,,,,,,,,,14:45.0
광진구,11215000038,젬마어린이집,가정,폐지,5015,서울특별시 광진구 동일로26길 51 (화양동),02-461-0788,,,4,81,0,8,0,20,0,37.54474985,127.0687681,미운영,2004-02-02,,,2025-03-31,2025-04-24,일반,2,2,1,0,0,0,2,0,0,7,0,0,0,0,0,0,0,0,0,0,,,,,,,,,,,,,,,,14:45.0
광진구,11215000004,EQ어린이집,가정,정상,5015,서울특별시 광진구 동일로26길 41 (화양동),02-466-1071,02-466-1079,,3,93,4,5,7,20,16,37.54489788,127.0682975,미운영,2004-01-30,,,,2025-04-24,야간연장형,1,0,1,0,0,0,3,0,0,5,0,0,7,0,0,0,9,0,0,16,17,17,0,17,50,1,5,0,0,0,0,0,0,0,7,14:44.0
광진구,11215000125,사랑어린이집,가정,정상,5070,서울특별시 광진구 뚝섬로35길 32 306동 102호(자양동),02-456-2910,024-562-910,zeroeva@hanmail.net,4,81,0,4,5,19,11,37.53617957,127.0714845,미운영,2004-01-10,,,,2025-04-24,일반,2,3,1,0,0,0,2,0,0,8,0,0,6,0,0,0,5,0,0,11,100,0,0,0,0,1,3,0,0,0,0,0,0,0,5,14:45.0
광진구,11215000165,육영어린이집,민간,폐지,4991,서울특별시 광진구 광나루로 441 (능동),02-2204-6168,02-2204-6168,www.yookyoung.org,2,93,0,2,0,21,0,37.54724672,127.0783029,운영,2004-01-06,,,2022-03-02,2025-04-24,일반,0,0,3,2,0,0,0,0,0,5,0,0,0,0,0,0,0,0,0,0,,,,,,,,,,,,,,,,14:45.0
광진구,11215000005,즐거운산들어린이집,협동,정상,4957,서울특별시 광진구 자양로50길 74 (구의2동),02-458-7122,02-3436-7122,https://fskids.modoo.at,9,178,0,0,11,49,29,37.55273535,127.0963159,미운영,2003-12-31,,,,2025-04-24,일반,0,2,3,1,1,1,0,1,0,9,0,4,6,8,0,0,0,11,0,29,25,25,25,13,13,1,8,0,0,0,0,0,1,0,11,14:45.0
광진구,11215000189,구의어린이집,민간,폐지,4992,서울특별시 광진구 자양로 253-1 (구의동),02-452-7456,,,4,167,0,0,0,39,0,37.54921613,127.0892682,미운영,2003-11-07,,,2019-06-10,2025-04-24,일반,0,0,0,0,0,0,2,2,0,4,0,0,0,0,0,0,0,0,0,0,,,,,,,,,,,,,,,,14:44.0
광진구,11215000034,광진구청직장어린이집,직장,정상,5026,서울특별시 광진구 자양로 117 광진구청 1동 777호(자양동),02-450-1650,02-3425-1900,,3,140,1,6,9,52,29,37.53872654,127.0820145,미운영,2003-10-10,,,,2025-04-24,야간연장형,1,2,2,0,0,0,2,1,0,8,0,5,9,0,0,0,5,10,0,29,43,29,0,0,29,1,7,0,0,0,0,0,1,0,9,14:44.0
광진구,11215000011,파랑새어린이집,가정,폐지,4947,"서울특별시 광진구 영화사로7길 4 4동 103호(중곡동,삼보드림아파트)",02-453-7563,02-453-7563,,4,85,0,4,0,20,0,37.55597483,127.0923499,미운영,2003-08-25,,,2021-08-27,2025-04-24,야간연장형,0,0,1,0,0,0,3,0,0,4,0,0,0,0,0,0,0,0,0,0,,,,,,,,,,,,,,,,14:45.0
광진구,11215000146,해솔어린이집,가정,폐지,5004,"서울특별시 광진구 군자로12길 46 101동 101호(군자동,일성파크아파트 )",02-497-7971,02-497-7972,pss0309@naver.com,3,84,1,4,0,19,0,37.55109943,127.0726078,미운영,2003-08-18,,,2019-03-27,2025-04-24,일반,1,1,1,0,0,0,2,0,0,5,0,0,0,0,0,0,0,0,0,0,,,,,,,,,,,,,,,,14:45.0
광진구,11215000179,미래어린이집,가정,폐지,4984,"서울특별시 광진구 아차산로 503-23 104동 113호(광장동, 청구아파트)",02-447-4191,02-447-4192,,4,91,0,6,0,20,0,37.54301337,127.0957443,미운영,2003-07-18,,,2018-11-30,2025-04-24,일반,0,0,1,0,0,0,4,0,0,5,0,0,0,0,0,0,0,0,0,0,,,,,,,,,,,,,,,,14:45.0
광진구,11215000140,궁전 어린이집,가정,폐지,4946,서울특별시 광진구 긴고랑로36길 65 101호 (중곡동),02-458-5666,02-458-566,,4,49,0,4,0,14,0,37.55743265,127.0899478,미운영,2003-07-10,,,2022-03-31,2025-04-24,야간연장형,0,0,0,0,0,0,2,0,0,2,0,0,0,0,0,0,0,0,0,0,,,,,,,,,,,,,,,,14:44.0
광진구,11215000113,화양어린이집,법인?단체등,폐지,5010,서울특별시 광진구 능동로17길 43 (화양동),02-464-5522,02-464-5502,,4,363,0,0,1,36,0,37.54663702,127.0710285,미운영,2003-06-01,,,2016-07-29,2025-04-24,영아전담,1,1,0,0,0,0,0,0,0,2,0,0,0,0,0,0,0,0,0,0,,,,,,1,0,0,0,0,0,0,0,0,1,14:45.0
광진구,11215000023,아이술루어린이집,가정,폐지,4983,"서울특별시 광진구 아차산로 549 1008동 103호(광장동, 현대파크빌)",02-446-7100,02-446-7100,,4,70,0,4,0,20,0,37.54387933,127.1019806,미운영,2003-03-30,,,2018-03-02,2025-04-24,일반,1,1,3,0,0,0,6,0,0,11,0,0,0,0,0,0,0,0,0,0,,,,,,,,,,,,,,,,14:45.0
광진구,11215000083,하얀나라 어린이집,가정,폐지,5037,서울특별시 광진구 구의로 47-6 하얀나라(구의동),02-2201-9854,02-2201-9854,,2,82,2,0,1,19,0,37.54233578,127.0897761,미운영,2003-03-25,,,2020-07-02,2025-04-24,일반,0,0,0,0,0,0,0,0,0,0,0,0,0,0,0,0,0,0,0,0,0,0,0,0,100,1,0,0,0,0,0,0,0,0,1,14:45.0
광진구,11215000149,홍지어린이집,민간,폐지,4926,서울특별시 광진구 천호대로111길 40 (중곡동),02-446-6136,02-446-6136,ghdwldjflsdlwlq.hanmail.net,4,132,0,7,0,36,0,37.55806407,127.0829703,운영,2003-02-28,,,2018-04-20,2025-04-24,야간연장형,2,3,4,0,0,0,2,2,0,13,0,0,0,0,0,0,0,0,0,0,,,,,,,,,,,,,,,,14:45.0
광진구,11215000039,보람어린이집,민간,폐지,5108,서울특별시 광진구 뚝섬로52마길 66 (자양동),02-453-2527,02-447-1259,,5,224,0,6,0,46,0,37.528572,127.08205,운영,2003-02-26,,,2017-05-31,2025-04-24,일반,1,1,1,1,0,0,2,2,0,8,0,0,0,0,0,0,0,0,0,0,,,,,,,,,,,,,,,,14:45.0
광진구,11215000026,세진어린이집,가정,폐지,5053,서울특별시 광진구 아차산로40길 34-1 (자양동),02-456-9700,02-456-9700,http://town.cyworld.nate.com/sejin2003,3,53,0,0,0,14,0,37.536137,127.07797,미운영,2003-02-19,,,2020-07-02,2025-04-24,일반,0,0,0,0,0,0,2,0,0,2,0,0,0,0,0,0,0,0,0,0,,,,,,,,,,,,,,,,14:45.0
광진구,11215000070,예본어린이집,민간,폐지,4979,서울특별시 광진구 자양로38길 43 (구의2동),02-457-5066,,,5,154,2,0,0,39,0,37.54680786,127.0903608,운영,2003-02-10,,,2015-03-01,2025-04-24,야간연장형,0,2,2,0,0,0,0,1,0,5,0,0,0,0,0,0,0,0,0,0,,,,,,,,,,,,,,,,14:45.0
광진구,11215000101,광남어린이집,가정,폐지,4974,"서울특별시 광진구 아차산로70길 62 305동 102호(광장동, 현대3단지아파트)",02-455-7430,02-456-7430,enfant2004@hanmail.net,3,85,0,5,0,20,0,37.54037639,127.0989932,미운영,2003-01-22,,,2016-02-29,2025-04-24,일반,0,1,3,0,0,0,0,0,0,4,0,0,0,0,0,0,0,0,0,0,,,,,,,,,,,,,,,,14:44.0
광진구,11215000126,아이자람어린이집,가정,폐지,4974,"서울특별시 광진구 아차산로70길 62 304동 102호(광장동, 현대3단지아파트)",02-453-1486,02-453-1486,,4,85,2,4,0,20,0,37.54037639,127.0989932,미운영,2002-10-23,,,2024-04-05,2025-04-24,일반,1,2,2,0,0,0,4,0,0,9,0,0,0,0,0,0,0,0,0,0,,,,,,,,,,,,,,,,14:45.0
광진구,11215000002,꾸러기어린이집,가정,폐지,5060,서울특별시 광진구 뚝섬로55길 9 (자양1동),02-453-6135,,cafe.naver.com/024536135,3,73,1,0,0,20,0,37.531937,127.082344,미운영,2002-09-17,,,2015-02-04,2025-04-24,야간연장형,2,2,1,0,0,0,2,1,0,8,0,0,0,0,0,0,0,0,0,0,,,,,,,,,,,,,,,,14:44.0
광진구,11215000071,꽃사슴어린이집,민간,폐지,143816,서울특별시 광진구 영화사로 68 (구의2동),02-456-9585,,http://cafe.naver.com/sasumkid.cafe,3,115,1,0,0,31,0,37.55464414,127.0934212,운영,2002-09-09,,,2013-06-23,2025-04-24,야간연장형,0,1,1,0,0,0,1,1,0,4,0,0,0,0,0,0,0,0,0,0,,,,,,,,,,,,,,,,14:44.0
광진구,11215000061,구의사랑어린이집,가정,폐지,4960,서울특별시 광진구 자양로48길 31 (구의동),02-456-7339,,,3,82,0,4,0,19,0,37.55145084,127.0936617,미운영,2002-09-05,,,2023-02-28,2025-04-24,일반,3,2,0,0,0,0,4,0,0,9,0,0,0,0,0,0,0,0,0,0,,,,,,,,,,,,,,,,14:44.0
광진구,11215000118,자양민들레어린이집,민간,정상,5108,서울특별시 광진구 뚝섬로52마길 32 (자양동),02-456-5003,02-456-5003,,5,135,1,5,11,39,29,37.52885,127.080025,미운영,2002-06-10,,,,2025-04-24,일반,2,3,2,0,0,0,1,0,0,8,6,13,10,0,0,0,0,0,0,29,33,67,0,0,0,1,9,0,0,0,0,0,1,0,11,14:45.0
광진구,11215000087,아이스쿨어린이집,가정,정상,4930,서울특별시 광진구 용마산로3길 91-4 (중곡동),02-447-0412,02-444-9406,,3,74,0,7,3,20,4,37.557007,127.083,미운영,2002-06-04,,,,2025-04-24,일반,0,1,2,0,0,0,11,0,0,14,0,0,0,0,0,0,4,0,0,4,0,0,0,0,100,1,1,0,0,0,0,0,0,0,3,14:45.0
광진구,11215000076,대동어린이집,민간,폐지,4996,서울특별시 광진구 군자로17길 11 (군자동),02-2088-1665,02-469-7167,"네이버, 다음",5,201,0,10,0,47,0,37.55584538,127.0765418,미운영,2002-06-01,,,2018-05-31,2025-04-24,야간연장형,0,1,1,0,0,0,2,0,0,4,0,0,0,0,0,0,0,0,0,0,,,,,,,,,,,,,,,,14:44.0
광진구,11215000180,중곡햇님어린이집,가정,폐지,4935,"서울특별시 광진구 능동로48길 49 101호(중곡동, 웰빙아파트)",02-453-6132,02-453-6132,,3,85,0,7,0,20,0,37.56228358,127.0850007,미운영,2002-05-07,,,2016-02-29,2025-04-24,야간연장형,0,3,0,0,0,0,2,0,0,5,0,0,0,0,0,0,0,0,0,0,,,,,,,,,,,,,,,,14:45.0
광진구,11215000095,행복한어린이집,민간,폐지,5011,서울특별시 광진구 군자로3길 27 (화양동),02-467-4077,02-467-4075,,4,158,1,6,0,37,0,37.54418329,127.070044,운영,2002-04-19,,,2018-10-23,2025-04-24,야간연장형,1,1,0,0,0,0,1,1,0,4,0,0,0,0,0,0,0,0,0,0,,,,,,,,,,,,,,,,14:45.0
광진구,11215000138,바니스쿨어린이집,가정,폐지,5118,"서울특별시 광진구 광나루로56길 32 215동 104호(구의동, 구의현대2단지아파트)",02-446-1347,02-446-1347,,4,84,2,5,0,20,0,37.53745566,127.0949072,미운영,2002-04-10,,,2016-02-29,2025-04-24,일반,0,3,3,0,0,0,0,0,0,6,0,0,0,0,0,0,0,0,0,0,,,,,,,,,,,,,,,,14:45.0
광진구,11215000047,대일어린이집,민간,폐지,4977,서울특별시 광진구 광나루로 527 (구의2동),02-455-0448,02-455-6814,,6,330,1,8,0,77,0,37.54515159,127.0882722,운영,2002-04-04,,,2021-02-28,2025-04-24,야간연장형,1,2,2,1,1,1,3,2,0,13,0,0,0,0,0,0,0,0,0,0,,,,,,,,,,,,,,,,14:44.0
광진구,11215000172,푸른꿈놀이방어린이집,가정,폐지,5112,서울특별시 광진구 뚝섬로 702-11 (자양2동),02-447-7086,02-447-7086,,2,49,1,0,0,12,0,37.532726,127.08761,미운영,2002-04-01,,,2020-03-03,2025-04-24,일반,0,0,1,0,0,0,2,0,0,3,0,0,0,0,0,0,0,0,0,0,,,,,,,,,,,,,,,,14:45.0
광진구,11215000019,광무어린이집,가정,폐지,5090,"서울특별시 광진구 능동로4길 41 704동 105호(자양동, 자양현대홈타운7차아파트)",02-465-0362,,,3,78,0,4,0,20,0,37.5334257,127.0695997,미운영,2002-03-25,,,2020-03-31,2025-04-24,일반,3,2,1,0,0,0,4,0,0,10,0,0,0,0,0,0,0,0,0,0,,,,,,,,,,,,,,,,14:44.0
광진구,11215000206,미예뜰어린이집,민간,폐지,4907,서울특별시 광진구 긴고랑로7길 69 (중곡동),02-463-4242,02-499-5171,,10,491,3,19,0,60,0,37.566334,127.080536,운영,2002-03-20,,,2023-02-28,2025-04-24,야간연장형,3,2,2,0,0,1,2,2,0,12,0,0,0,0,0,0,0,0,0,0,,,,,,,,,,,,,,,,14:45.0
광진구,11215000010,즐거운어린이집,협동,폐지,4944,서울특별시 광진구 긴고랑로 149-7 (중곡동),02-458-0659,02-457-0659,http://funkids.gongdong.or.kr,4,196,1,0,0,36,0,37.55910367,127.0915569,미운영,2002-03-19,,,2019-05-17,2025-04-24,일반,0,0,2,0,0,0,2,2,0,6,0,0,0,0,0,0,0,0,0,0,,,,,,,,,,,,,,,,14:45.0
광진구,11215000058,코코어린이집,가정,폐지,4990,서울특별시 광진구 능동로30길 18 (smdehd),02-3436-1951,,,2,38,3,0,0,10,0,37.55376807,127.0787533,,2002-03-12,,,2020-07-02,2025-04-24,일반,0,0,0,0,0,0,2,0,0,2,0,0,0,0,0,0,0,0,0,0,,,,,,,,,,,,,,,,14:45.0
광진구,11215000134,꿈꾸는어린이집,가정,정상,4933,서울특별시 광진구 능동로50길 23 (중곡동),02-454-9797,-1433,,3,75,1,4,6,20,9,37.56383,127.0847,미운영,2002-03-06,,,,2025-04-24,야간연장형,0,0,1,0,0,0,3,0,0,4,0,0,5,0,0,0,4,0,0,9,80,0,0,20,0,1,4,0,0,0,0,0,1,0,6,14:44.0
광진구,11215000097,토들러랜드어린이집,민간,폐지,5022,서울특별시 광진구 광나루로 450 (화양동),02-2201-5815,02-2201-5817,toddlerland.co.kr,4,104,0,5,0,24,0,37.5452155,127.0793012,미운영,2002-02-28,,,2019-04-03,2025-04-24,일반,1,2,1,0,0,0,5,0,0,9,0,0,0,0,0,0,0,0,0,0,,,,,,,,,,,,,,,,14:45.0
광진구,11215000007,인정어린이집,법인?단체등,폐지,5001,서울특별시 광진구 동일로 242 (군자동),02-462-2758,02-462-2392,,8,334,0,8,0,78,0,37.55309926,127.0704641,운영,2002-02-19,,,2018-02-28,2025-04-24,방과후통합,1,1,1,1,0,0,1,0,0,5,0,0,0,0,0,0,0,0,0,0,,,,,,,,,,,,,,,,14:45.0
광진구,11215000062,신파랑새어린이집,가정,폐지,4947,"서울특별시 광진구 영화사로9길 32 A동 104호(중곡동, 현대하이츠빌라)",02-3436-3631,02-3436-3632,,4,59,0,4,0,20,0,37.55638858,127.0932649,미운영,2002-02-15,,,2022-02-28,2025-04-24,일반,1,0,1,0,0,0,1,0,0,3,0,0,0,0,0,0,0,0,0,0,,,,,,,,,,,,,,,,14:45.0
광진구,11215000054,서울어린이집,민간,폐지,4901,서울특별시 광진구 답십리로78길 26 (중곡동),02-2209-1213,02-439-0153,,4,180,1,0,0,42,0,37.5704,127.08103,미운영,2002-02-01,,,2015-03-16,2025-04-24,일반,1,2,3,1,0,0,1,0,0,8,0,0,0,0,0,0,0,0,0,0,,,,,,,,,,,,,,,,14:45.0
광진구,11215000141,자양미래몬테소리어린이집,가정,폐지,5092,서울특별시 광진구 자양번영로3길 6 (자양동),02-457-3497,02-457-3497,http://cafe.daum.net/mile416,3,96,0,5,0,20,0,37.531796,127.074745,미운영,2002-02-01,,,2024-02-29,2025-04-24,일반,2,1,1,0,0,0,1,0,0,5,0,0,0,0,0,0,0,0,0,0,,,,,,,,,,,,,,,,14:45.0
광진구,11215000158,예일어린이집,민간,정상,4954,서울특별시 광진구 자양로47길 11 (구의2동),02-452-7639,,yalekids.ukid.kr,4,146,0,8,9,49,21,37.55220551,127.0918021,미운영,2002-01-24,,,,2025-04-24,야간연장형,1,0,0,0,0,0,3,1,0,5,3,0,0,0,0,0,8,10,0,21,71,0,0,0,29,1,7,0,0,0,0,0,1,0,9,14:45.0
광진구,11215000065,대서울어린이집,민간,폐지,5092,서울특별시 광진구 자양번영로 27 (자양동),02-457-9742,02-959-9923,,4,138,0,11,0,32,0,37.53212141,127.0750291,미운영,2002-01-15,,,2019-02-28,2025-04-24,일반,0,2,1,0,0,0,1,1,0,5,0,0,0,0,0,0,0,0,0,0,,,,,,,,,,,,,,,,14:44.0
광진구,11215000151,평강마을어린이집,가정,폐지,5098,"서울특별시 광진구 자양번영로4길 13 (자양동, 평강침례교회)",02-455-9103,,,4,89,0,4,0,20,0,37.53150949,127.0761074,미운영,2001-12-24,,,2021-01-21,2025-04-24,일반,1,0,0,0,0,0,2,0,0,3,0,0,0,0,0,0,0,0,0,0,,,,,,,,,,,,,,,,14:45.0
광진구,11215000014,구립 자양2동어린이집,국공립,정상,5106,서울특별시 광진구 자양로3가길 26 (자양동),02-453-7587,02-453-7556,,4,154,1,6,12,64,55,37.5288,127.08439,미운영,2001-12-05,,,,2025-04-24,"장애아통합,야간연장형",0,2,2,1,0,0,0,1,2,8,0,10,14,9,0,0,0,18,4,55,22,11,11,11,44,1,9,0,0,0,0,0,1,0,12,14:44.0
광진구,11215000135,방울어린이집,가정,폐지,4929,서울특별시 광진구 능동로40길 22 (중곡동),02-2201-5252,02-2201-5252,,3,58,0,0,0,15,0,37.557793,127.08134,미운영,2001-11-09,,,2020-07-02,2025-04-24,일반,0,0,0,0,0,0,0,0,0,0,0,0,0,0,0,0,0,0,0,0,,,,,,,,,,,,,,,,14:45.0
광진구,11215000067,구의미소어린이집,민간,정상,4954,서울특별시 광진구 자양로 297 (구의2동),02-456-7336,02-456-7336,youngababy.ukid.kr,4,100,1,6,7,31,13,37.5522137,127.0923319,미운영,2001-10-26,,,,2025-04-24,야간연장형,2,2,1,0,0,0,10,0,0,15,2,4,7,0,0,0,0,0,0,13,20,0,20,40,20,1,5,0,0,0,0,0,0,0,7,14:44.0
광진구,11215000143,서울교통공사대공원어린이집,직장,폐지,4998,서울특별시 광진구 능동로 247-1 (군자동),02-6311-7979,02-2201-6148,,4,86,1,6,0,31,0,37.55230287,127.076253,미운영,2001-10-01,,,2024-02-29,2025-04-24,일반,0,0,0,0,0,0,1,1,0,2,0,0,0,0,0,0,0,0,0,0,,,,,,,,,,,,,,,,14:45.0
광진구,11215000194,경성어린이집,가정,폐지,143839,서울특별시 광진구 동일로56길 32 (군자동),02-467-9990,02-467-2077,,3,89,1,0,0,20,0,37.55567416,127.0737032,미운영,2001-09-01,,,2020-07-02,2025-04-24,일반,0,0,0,0,0,0,5,0,0,5,0,0,0,0,0,0,0,0,0,0,,,,,,,,,,,,,,,,14:44.0
광진구,11215000104,조은어린이집,가정,폐지,5058,서울특별시 광진구 뚝섬로57길 48 101호(극동하이빌),02-457-5529,02-457-5529,,3,69,1,4,0,18,0,37.53483,127.08099,미운영,2001-08-31,,,2025-02-28,2025-04-24,야간연장형,1,1,0,0,0,0,5,0,0,7,0,0,0,0,0,0,0,0,0,0,,,,,,,,,,,,,,,,14:45.0
광진구,11215000202,예손어린이집,가정,폐지,143916,서울특별시 광진구 광나루로16길 14 동부연립 19동 B101호(화양동),02-466-7156,,,3,48,0,0,0,14,0,37.54692994,127.0693178,미운영,2001-08-09,,,2020-07-02,2025-04-24,일반,0,0,0,0,0,0,1,0,0,1,0,0,0,0,0,0,0,0,0,0,,,,,,,,,,,,,,,,14:45.0
광진구,11215000168,꼬마별어린이집,가정,폐지,4952,"서울특별시 광진구 천호대로127길 33 103호(중곡동, 선화빌라11차)",02-456-3149,,,4,85,0,4,0,20,0,37.55412744,127.0904509,미운영,2001-07-06,,,2024-02-29,2025-04-24,일반,2,2,0,0,0,0,2,0,0,6,0,0,0,0,0,0,0,0,0,0,,,,,,,,,,,,,,,,14:44.0
광진구,11215000115,파크빌어린이집,민간,정상,4983,서울특별시 광진구 아차산로 549 현대파크빌단지내(광장동),02-456-5677,02-456-5677,,4,175,1,6,12,48,35,37.54387933,127.1019806,운영,2001-06-07,,,,2025-04-24,일반,2,3,4,1,0,0,1,0,0,11,0,15,20,0,0,0,0,0,0,35,22,22,33,11,11,1,9,0,0,0,0,0,1,0,12,14:45.0
광진구,11215000106,키즈모아어린이집,가정,폐지,5112,서울특별시 광진구 뚝섬로 698 (자양동),02-427-2869,02-427-2869,http://www.kidkids.net/event/online_2021_kidrecrui/index_parents.html?uid=67,3,107,1,3,0,19,0,37.53287757,127.0867555,미운영,2001-05-21,,,2021-11-30,2025-04-24,일반,0,0,0,0,0,0,2,0,0,2,0,0,0,0,0,0,0,0,0,0,,,,,,,,,,,,,,,,14:45.0
광진구,11215000139,현대아이자람어린이집,가정,폐지,5118,"서울특별시 광진구 광나루로56길 32 207동 105호(구의동, 구의현대2단지아파트)",02-458-1486,02-458-1486,http://cafe.naver.com/ijaramhd,4,84,0,4,0,20,0,37.53745566,127.0949072,미운영,2001-05-14,,,2021-01-31,2025-04-24,일반,2,0,1,0,0,0,2,0,0,5,0,0,0,0,0,0,0,0,0,0,,,,,,,,,,,,,,,,14:45.0
광진구,11215000195,평화어린이집,민간,폐지,4960,서울특별시 광진구 자양로50길 18 (구의동),02-446-8160,02-446-8164,http://www.cafe.daum.net/peaceguide,4,151,0,4,0,35,0,37.55196289,127.0932911,운영,2001-04-03,,,2018-03-16,2025-04-24,야간연장형,0,1,1,1,0,0,3,2,0,8,0,0,0,0,0,0,0,0,0,0,,,,,,,,,,,,,,,,14:45.0
광진구,11215000169,피노키오어린이집,민간,폐지,5054,서울특별시 광진구 자양로15길 62 (자양동),02-444-0647,02-444-0647,,3,90,0,0,0,21,0,37.535236,127.08021,미운영,2001-04-02,,,2018-03-09,2025-04-24,일반,0,0,0,0,0,0,1,1,0,2,0,0,0,0,0,0,0,0,0,0,,,,,,,,,,,,,,,,14:45.0
광진구,11215000133,어린이나라어린이집,민간,폐지,5039,서울특별시 광진구 자양로26길 9 (구의동),02-446-3232,02-446-3367,children3232@hanmail.net,4,120,0,5,0,30,0,37.54193216,127.0847698,운영,2001-02-07,,,2023-10-22,2025-04-24,야간연장형,0,1,0,1,0,0,2,1,0,5,0,0,0,0,0,0,0,0,0,0,,,,,,,,,,,,,,,,14:45.0
광진구,11215000171,예지원어린이집,민간,폐지,4902,서울특별시 광진구 답십리로82길 5 (중곡동),02-466-9781,02-466-9781,,4,92,0,6,0,27,0,37.57115241,127.0829373,미운영,2001-01-31,,,2018-03-13,2025-04-24,일반,1,1,0,0,0,0,2,0,0,4,0,0,0,0,0,0,0,0,0,0,,,,,,,,,,,,,,,,14:45.0
광진구,11215000200,라온어린이집,민간,폐지,5046,서울특별시 광진구 아차산로63길 27 (구의동),02-456-4365,02-456-4364,,3,98,0,4,0,30,1,37.54050678,127.0921365,미운영,2000-12-30,,,2024-02-29,2025-04-24,일반,2,1,0,0,0,0,0,0,0,3,0,0,0,0,0,0,0,0,0,0,,,,,,,,,,,,,,,,14:45.0
광진구,11215000159,아이짐어린이집,민간,정상,4977,서울특별시 광진구 광나루로37길 8 (구의2동),02-455-5220,02-6406-5221,kidsnote,4,154,0,6,10,39,27,37.545307,127.0876704,미운영,2000-11-11,,,,2025-04-24,야간연장형,1,2,1,0,0,0,0,1,0,5,3,7,7,0,0,0,0,10,0,27,25,13,13,25,25,1,8,0,0,0,0,0,0,0,10,14:45.0
광진구,11215000091,으뜸어린이집,민간,정상,5095,서울특별시 광진구 능동로4길 88 (자양동),02-458-3372,02-458-3371,https://www.iutv.co.kr/,8,660,2,16,26,120,91,37.5308,127.071175,미운영,2000-11-03,,,,2025-04-24,"장애아통합,방과후통합,야간연장형",0,4,3,2,1,0,0,1,3,14,0,18,20,11,20,0,0,16,6,91,16,32,26,5,21,1,18,1,0,0,0,0,2,0,26,14:45.0
광진구,11215000157,또래어린이집,민간,폐지,5041,서울특별시 광진구 자양로26길 92-10 (구의동),02-444-0759,02-444-0680,,7,408,2,0,0,79,0,37.54002641,127.0887234,운영,2000-05-16,,,2016-06-03,2025-04-24,"야간연장형,24시간",0,3,3,2,1,2,0,0,0,11,0,0,0,0,0,0,0,0,0,0,,,,,,,,,,,,,,,,14:45.0
광진구,11215000093,중곡복지관 어린이집,법인?단체등,폐지,4925,서울특별시 광진구 용마산로3길 62 (중곡동),02-3436-4316,02-453-4317,www.chunggok.org,1,99,0,0,0,20,0,37.556686,127.08484,미운영,2000-05-15,,,2014-02-28,2025-04-24,방과후 전담,0,0,0,0,0,0,0,0,0,0,0,0,0,0,0,0,0,0,0,0,,,,,,,,,,,,,,,,14:45.0
광진구,11215000154,해달별어린이집,가정,폐지,5048,"서울특별시 광진구 구의강변로3가길 39 701동 102호(구의동,7단지 현대아파트 )",02-3437-3373,,,4,85,0,4,0,19,0,37.53692141,127.0913719,미운영,2000-02-01,,,2025-02-28,2025-04-24,일반,2,2,1,0,0,0,0,0,0,5,0,0,0,0,0,0,0,0,0,0,,,,,,,,,,,,,,,,14:45.0
광진구,11215000123,광장아이자람어린이집,가정,폐지,5118,서울특별시 광진구 광나루로56길 32 구의현대아파트 202동 103호,02-457-0348,02-457-0348,cafe.daum.net/kbstt,3,58,0,5,0,19,0,37.53782345,127.09622,미운영,2000-01-24,,,2019-02-28,2025-04-24,일반,1,2,2,0,0,0,3,0,0,8,0,0,0,0,0,0,0,0,0,0,,,,,,,,,,,,,,,,14:44.0
광진구,11215000074,광장어린이집,법인?단체등,폐지,4974,서울특별시 광진구 아차산로66길 8 (광장동),02-2201-8020,02-2201-4215,www.gj.or.kr,1,81,0,10,0,20,0,37.54103267,127.097066,미운영,2000-01-12,,,2020-10-31,2025-04-24,방과후 전담,0,0,0,0,0,0,0,0,0,0,0,0,0,0,0,0,0,0,0,0,,,,,,,,,,,,,,,,14:44.0
광진구,11215000198,늘푸른몬테소리어린이집,가정,폐지,4950,서울특별시 광진구 자양로45길 93 2층(중곡동),02-447-0136,02-447-0136,,3,85,1,3,0,20,0,37.55516593,127.0897188,운영,1999-09-11,,,2018-03-21,2025-04-24,일반,0,0,0,0,0,0,4,1,0,5,0,0,0,0,0,0,0,0,0,0,,,,,,,,,,,,,,,,14:44.0
광진구,11215000046,구립 은성어린이집,국공립,정상,5084,서울특별시 광진구 동일로4길 52 (자양동),02-465-7476,02-465-7478,www.esbaby.ukid.kr,6,271,1,9,19,96,57,37.53569746,127.0637337,미운영,1999-09-10,,,,2025-04-24,"장애아통합,야간연장형",3,3,3,1,0,1,0,1,1,13,9,7,10,10,0,11,0,8,2,57,19,13,31,6,31,1,15,1,0,0,0,0,1,0,19,14:44.0
광진구,11215000018,구립 군자어린이집,국공립,정상,4999,서울특별시 광진구 동일로56가길 31 (군자동),02-461-2440,0505-491-2441,,6,265,2,19,18,99,61,37.55457556,127.0726972,미운영,1999-09-07,,,,2025-04-24,야간연장형,3,3,2,1,0,0,0,1,0,10,6,15,15,11,0,0,0,14,0,61,14,0,57,14,14,1,14,0,0,0,0,0,1,1,18,14:44.0
광진구,11215000124,삐아제이삭어린이집,가정,폐지,4916,서울특별시 광진구 동일로66길 13 (중곡동),02-461-8544,--,,2,56,1,0,0,15,0,37.56657991,127.0791015,미운영,1999-08-24,,,2013-07-31,2025-04-24,일반,2,1,0,0,0,0,2,0,0,5,0,0,0,0,0,0,0,0,0,0,,,,,,,,,,,,,,,,14:45.0
광진구,11215000064,구립 중곡1동어린이집,국공립,정상,4915,서울특별시 광진구 능동로43길 27-14 (중곡동),02-498-2878,02-498-2868,,5,366,2,12,15,85,43,37.560993,127.07966,미운영,1999-05-01,,,,2025-04-24,"장애아통합,야간연장형",2,2,2,1,0,0,0,1,1,9,6,10,10,8,0,0,0,7,2,43,17,17,42,0,25,1,12,0,0,0,0,0,1,0,15,14:44.0
광진구,11215000057,구립 대원어린이집,국공립,정상,4950,서울특별시 광진구 자양로43길 115 (중곡동),02-3437-7173,02-3437-7174,,4,190,1,8,10,44,30,37.55559176,127.0889633,미운영,1999-03-02,,,,2025-04-24,야간연장형,1,2,2,0,0,0,2,1,0,8,2,8,6,0,0,0,5,9,0,30,50,25,13,0,13,1,8,0,0,0,0,0,1,0,10,14:44.0
광진구,11215000153,아이들세상어린이집,민간,정상,4926,서울특별시 광진구 긴고랑로26길 31 (중곡동),02-3436-4611,02-444-3560,,6,156,1,12,9,43,19,37.5600546,127.0845593,미운영,1999-03-02,,,,2025-04-24,일반,4,2,2,0,0,0,0,0,0,8,4,9,6,0,0,0,0,0,0,19,17,17,17,17,33,1,6,0,0,0,0,0,1,0,9,14:45.0
광진구,11215000109,구립 능동어린이집,국공립,정상,4988,서울특별시 광진구 천호대로114길 47 (능동),02-458-0670,02-458-0696,,5,194,1,15,13,94,61,37.55357491,127.0819671,미운영,1999-02-23,,,,2025-04-24,야간연장형,0,2,2,1,1,1,0,0,0,7,0,10,14,10,16,11,0,0,0,61,10,20,20,10,40,1,10,0,0,0,0,0,1,0,13,14:44.0
광진구,11215000094,구립 성심어린이집,국공립,정상,4925,서울특별시 광진구 용마산로3길 60 (중곡동),02-3437-2381,02-454-5770,sungsim5770@hanmail.net,6,367,1,15,19,91,74,37.556595,127.08499,미운영,1999-01-22,,,,2025-04-24,"장애아통합,야간연장형",0,3,2,2,1,1,0,0,1,10,0,13,13,17,13,15,0,0,3,74,36,7,21,0,36,1,13,1,0,0,0,0,2,1,19,14:44.0
광진구,11215000073,초록마을어린이집,가정,폐지,4903,서울특별시 광진구 능동로59길 26 1층 (중곡동),02-498-5998,,,4,89,0,0,0,20,0,37.5689,127.08431,운영,1998-11-23,,,2017-01-17,2025-04-24,일반,0,1,0,0,0,0,1,0,0,2,0,0,0,0,0,0,0,0,0,0,,,,,,,,,,,,,,,,14:45.0
광진구,11215000114,하은어린이집,민간,폐지,4945,서울특별시 광진구 긴고랑로 148 (중곡동),02-447-5344,,haeun.kidis.co.kr,6,400,2,0,0,122,0,37.55859225,127.0911127,운영,1998-10-23,,,2013-04-10,2025-04-24,일반,0,1,1,1,0,0,1,1,0,5,0,0,0,0,0,0,0,0,0,0,,,,,,,,,,,,,,,,14:45.0
광진구,11215000121,솔로몬어린이집,민간,정상,4906,서울특별시 광진구 긴고랑로7길 73 (중곡동),02-469-9976,02-466-9976,http://isolomon22.co.kr,5,219,4,14,11,82,34,37.566563,127.080666,운영,1998-06-11,,,,2025-04-24,야간연장형,0,4,2,1,0,0,4,4,0,15,0,7,7,5,0,0,2,13,0,34,25,63,0,0,13,1,8,0,0,0,0,0,1,0,11,14:45.0
광진구,11215000053,구립 중앙어린이집,국공립,정상,5063,서울특별시 광진구 자양로13다길 31 (자양동),02-446-9066,02-446-9055,,5,278,1,20,15,96,58,37.53294,127.07809,미운영,1998-06-01,,,,2025-04-24,"장애아통합,야간연장형",2,2,3,2,0,0,0,5,1,15,6,10,16,10,0,0,0,16,0,58,8,17,33,17,25,1,12,0,0,0,0,0,1,0,15,14:44.0
광진구,11215000013,한국중앙어린이집,민간,재개,4904,서울특별시 광진구 능동로 447 (중곡동),02-467-6824,02-467-6825,,4,175,1,6,11,62,41,37.568592,127.08483,운영,1998-05-15,,,,2025-04-24,일반,0,0,2,1,1,1,0,0,0,5,0,0,8,8,14,11,0,0,0,41,14,14,29,0,43,1,7,0,0,0,0,0,1,0,11,14:45.0
광진구,11215000036,구립 동서울어린이집,국공립,정상,5033,서울특별시 광진구 광나루로44길 23 (구의동),02-456-7295,02-456-7295,dseoul8813@naver.com,7,472,1,19,20,96,61,37.543149,127.0914608,미운영,1998-03-31,,,,2025-04-24,"장애아통합,야간연장형",0,2,3,1,0,1,0,1,2,10,0,10,18,10,0,9,0,8,6,61,19,25,38,19,0,1,16,0,0,0,0,0,1,0,20,14:44.0
광진구,11215000096,구립 느티나무어린이집,국공립,정상,5022,서울특별시 광진구 광나루로26길 39 (화양동),02-444-2544,02-444-2547,,4,131,1,10,12,51,28,37.54541091,127.0780929,미운영,1998-02-17,,,,2025-04-24,"장애아통합,야간연장형",0,0,1,0,0,0,4,1,1,7,0,0,8,0,0,0,12,6,2,28,33,11,44,11,0,1,9,0,0,0,0,0,1,0,12,14:44.0
광진구,11215000052,구립 효지어린이집,국공립,정상,5067,서울특별시 광진구 아차산로36길 55 (자양동),02-2201-0558,02-2201-1606,,5,269,1,9,18,84,68,37.536102,127.07382,미운영,1998-02-12,,,,2025-04-24,야간연장형,0,3,2,2,1,1,0,0,0,9,0,13,14,15,18,8,0,0,0,68,57,7,14,0,21,1,14,0,0,0,0,0,2,0,18,14:44.0
광진구,11215000191,파랑어린이집,민간,폐지,5071,서울특별시 광진구 동일로20길 20 (자양동),02-467-7907,02-6499-0026,www.parangkids.co.kr,5,240,1,7,0,72,0,37.54110125,127.0647457,운영,1997-12-27,,,2020-03-11,2025-04-24,일반,0,2,5,1,1,1,1,4,0,15,0,0,0,0,0,0,0,0,0,0,,,,,,,,,,,,,,,,14:45.0
광진구,11215000024,행복어린이집,법인?단체등,폐지,5055,서울특별시 광진구 아차산로46가길 35 (자양동),02-452-0363,02-452-0363,,3,57,0,3,0,29,0,37.53611,127.08285,미운영,1997-11-14,,,2020-07-02,2025-04-24,야간연장형,0,0,0,0,0,0,3,1,0,4,0,0,0,0,0,0,0,0,0,0,,,,,,,,,,,,,,,,14:45.0
광진구,11215000079,구립 명성어린이집,국공립,정상,5040,서울특별시 광진구 아차산로55길 59 (구의동),02-2201-9696,02-2201-9697,http://myungsungkid.kr/,6,337,1,12,9,69,27,37.54008222,127.0863292,미운영,1997-10-30,,,,2025-04-24,야간연장형,2,1,1,0,0,0,2,1,0,7,5,5,5,0,0,0,5,7,0,27,43,57,0,0,0,1,7,0,0,0,0,0,1,0,9,14:44.0
광진구,11215000155,아이세계어린이집,민간,폐지,5082,서울특별시 광진구 동일로4가길 2 (자양동),02-497-3569,02-497-3519,,6,275,2,6,0,65,0,37.53611,127.06221,미운영,1997-08-05,,,2018-06-18,2025-04-24,야간연장형,1,2,3,1,0,0,1,2,0,10,0,0,0,0,0,0,0,0,0,0,,,,,,,,,,,,,,,,14:45.0
광진구,11215000068,키즈용맹어린이집,민간,정상,4946,서울특별시 광진구 영화사로5길 15 (중곡동),02-453-5210,02-453-2215,,7,192,1,15,18,72,57,37.55696283,127.0917911,운영,1997-07-24,,,,2025-04-24,야간연장형,1,3,2,1,0,1,1,1,0,10,1,5,14,13,0,14,3,7,0,57,21,21,14,29,14,1,14,0,0,0,0,0,1,0,18,14:45.0
광진구,11215000055,동성어린이집,민간,휴지,5073,서울특별시 광진구 아차산로30길 25-10 (자양동),02-465-8688,02-498-1280,https://blog.naver.com/asor8282,5,300,1,5,0,55,0,37.53946146,127.0676587,운영,1997-06-07,2024-02-29,2026-02-28,,2025-04-24,야간연장형,1,0,0,0,0,0,1,1,0,3,0,0,0,0,0,0,0,0,0,0,,,,,,,,,,,,,,,,14:44.0
광진구,11215000142,도만스쿨프라임어린이집,가정,폐지,5119,"서울특별시 광진구 광나루로56길 5 2동 104호(구의동, 현대프라임아파트)",02-453-6060,02-453-6060,jeon3208@hanmail.net,4,109,0,6,0,19,0,37.53919037,127.0978964,미운영,1997-05-20,,,2022-06-30,2025-04-24,일반,2,3,2,0,0,0,4,0,0,11,0,0,0,0,0,0,0,0,0,0,,,,,,,,,,,,,,,,14:44.0
광진구,11215000021,데커어린이집,민간,폐지,5101,서울특별시 광진구 뚝섬로52라길 39-3 (자양동),02-453-1308,02-453-1308,http://blog.naver.com/iloveyma11,4,114,1,5,0,43,0,37.52964,127.08079,운영,1997-05-09,,,2022-09-30,2025-04-24,일반,0,1,1,0,0,0,1,1,0,4,0,0,0,0,0,0,0,0,0,0,,,,,,,,,,,,,,,,14:44.0
광진구,11215000089,아이와나무어린이집,민간,폐지,4931,서울특별시 광진구 천호대로123길 4-4 (중곡동),02-452-5579,02-452-5579,www.kidtree.or.kr,5,222,1,8,0,49,0,37.555233,127.087166,미운영,1997-05-07,,,2020-04-01,2025-04-24,일반,1,1,2,1,0,0,2,1,0,8,0,0,0,0,0,0,0,0,0,0,,,,,,,,,,,,,,,,14:45.0
광진구,11215000029,영재몬테소리어린이집,민간,폐지,5090,서울특별시 광진구 능동로4길 17 (자양동),02-455-5642,02-455-5658,,9,214,0,8,0,50,0,37.533413,127.06878,운영,1997-04-30,,,2018-03-13,2025-04-24,일반,1,0,3,0,0,0,4,1,0,9,0,0,0,0,0,0,0,0,0,0,,,,,,,,,,,,,,,,14:45.0
광진구,11215000059,늘사랑어린이집,가정,폐지,4950,"서울특별시 광진구 용마산로4길 18 101호(중곡동, 정수아트빌)",02-444-1356,02-444-1359,,4,68,0,4,0,15,0,37.55633758,127.0892313,미운영,1997-04-25,,,2021-02-28,2025-04-24,일반,0,1,1,0,0,0,4,0,0,6,0,0,0,0,0,0,0,0,0,0,,,,,,,,,,,,,,,,14:44.0
광진구,11215000144,굿모닝어린이집,가정,폐지,4971,"서울특별시 광진구 아차산로 552 2동 105호(광장동, 극동아파트)",02-458-6169,02-6214-6169,,4,80,1,5,0,20,0,37.54367762,127.1060086,미운영,1997-04-01,,,2017-11-30,2025-04-24,일반,0,0,1,0,0,0,3,0,0,4,0,0,0,0,0,0,0,0,0,0,,,,,,,,,,,,,,,,14:44.0
광진구,11215000132,용곡어린이집,가정,정상,4936,서울특별시 광진구 능동로48길 64 (중곡동) 운형빌라 101호,02-3437-6676,02-3437-6676,,4,95,0,6,7,20,14,37.56177623,127.0860473,미운영,1997-03-31,,,,2025-04-24,야간연장형,2,1,1,0,0,0,1,0,0,5,3,4,7,0,0,0,0,0,0,14,50,0,17,0,33,1,5,0,0,0,0,0,0,0,7,14:45.0
광진구,11215000025,동심어린이집,민간,폐지,5063,서울특별시 광진구 뚝섬로 609 (자양동),02-2201-6230,02-2201-6230,cafe.daum.net/dongsim6230,4,102,0,5,0,24,0,37.532814,127.07746,미운영,1997-03-05,,,2023-08-01,2025-04-24,일반,1,1,1,0,0,0,2,0,0,5,0,0,0,0,0,0,0,0,0,0,,,,,,,,,,,,,,,,14:44.0
광진구,11215000152,한울어린이집,민간,정상,4925,서울특별시 광진구 천호대로117길 51 (중곡동),02-458-7005,02-444-3560,,4,184,2,8,8,70,22,37.55722351,127.0851535,미운영,1997-03-03,,,,2025-04-24,야간연장형,0,0,0,2,1,0,0,1,0,4,0,0,0,7,0,0,0,15,0,22,60,0,0,20,20,1,5,0,0,0,0,0,1,0,8,14:45.0
광진구,11215000203,신예지어린이집,민간,폐지,4954,서울특별시 광진구 자양로45길 16 (구의2동),02-458-8538,02-453-8538,http://cafe.naver.com/newyeji,4,141,0,5,0,39,0,37.55194632,127.0914035,미운영,1997-03-01,,,2025-02-28,2025-04-24,야간연장형,0,2,1,0,0,0,3,1,0,7,0,0,0,0,0,0,0,0,0,0,,,,,,,,,,,,,,,,14:45.0
광진구,11215000072,건대꼬마숲어린이집,민간,폐지,5008,서울특별시 광진구 동일로28길 45 (화양동),02-467-6489,02-461-9069,https://cafe.naver.com/youngnan1,6,283,0,6,0,48,0,37.54622,127.0692311,미운영,1997-02-13,,,2023-03-10,2025-04-24,"야간연장형,24시간",0,0,0,0,0,0,3,2,0,5,0,0,0,0,0,0,0,0,0,0,,,,,,,,,,,,,,,,14:44.0
광진구,11215000112,구립 구의2동어린이집,국공립,정상,4959,서울특별시 광진구 자양로44길 91 (구의동),02-446-6435,02-458-3157,,7,304,3,22,11,59,34,37.55021263,127.0962494,미운영,1996-05-29,,,,2025-04-24,"장애아통합,야간연장형",0,4,4,3,0,1,1,3,3,19,0,5,5,10,0,0,2,12,0,34,25,50,13,13,0,1,8,0,0,0,0,0,1,0,11,14:44.0
광진구,11215000197,한라어린이집,민간,정상,5070,서울특별시 광진구 뚝섬로33길 20 (자양동),02-2201-1264,02-2201-1265,http://cafe.naver.com/hanra33,5,188,1,6,15,44,39,37.53508691,127.0699207,미운영,1996-05-01,,,,2025-04-24,일반,6,3,4,2,0,0,2,1,0,18,9,13,17,0,0,0,0,0,0,39,50,17,33,0,0,1,12,0,0,0,0,0,1,0,15,14:45.0
광진구,11215000041,아힘나어린이집,가정,정상,5086,"서울특별시 광진구 능동로3길 17 101동 106호(자양동, 한강성원아파트)",02-447-9335,,,4,52,0,4,9,19,18,37.53324544,127.0660963,미운영,1996-04-01,,,,2025-04-24,일반,2,2,1,0,0,0,0,0,0,5,4,8,6,0,0,0,0,0,0,18,29,14,14,14,29,1,6,0,0,0,0,0,1,0,9,14:45.0
광진구,11215000129,엄지어린이집,민간,폐지,4916,서울특별시 광진구 면목로 89-1 (중곡동),02-467-0632,02-467-1913,eomjichild.cyworld.com,5,210,1,6,0,49,0,37.56180857,127.0786439,미운영,1996-03-22,,,2019-03-27,2025-04-24,야간연장형,3,3,2,1,0,0,2,2,0,13,0,0,0,0,0,0,0,0,0,0,,,,,,,,,,,,,,,,14:45.0
광진구,11215000116,호산나어린이집,법인?단체등,폐지,5066,서울특별시 광진구 아차산로 304 원일교회내(자양동),02-446-1819,02-455-6096,,3,126,2,0,0,61,0,37.53790122,127.0765555,운영,1996-03-06,,,2013-02-28,2025-04-24,일반,0,0,2,1,0,0,0,1,0,4,0,0,0,0,0,0,0,0,0,0,,,,,,,,,,,,,,,,14:45.0
광진구,11215000008,해오름어린이집,가정,정상,4956,서울특별시 광진구 자양로50가길 41 (구의동),02-456-4242,02-3437-5910,,4,116,0,4,3,20,4,37.55373881,127.0943571,미운영,1996-02-14,,,,2025-04-24,일반,1,1,1,0,0,0,3,0,0,6,0,0,0,0,0,0,4,0,0,4,0,33,0,0,67,1,2,0,0,0,0,0,0,0,3,14:45.0
광진구,11215000098,예아랑어린이집,민간,폐지,4901,서울특별시 광진구 동일로 456 성수교회 2층 1호(중곡동),02-2207-5292,02-2207-5293,http://yearang.co.kr/,7,389,1,12,0,70,0,37.57070569,127.0802242,운영,1996-01-20,,,2024-02-29,2025-04-24,야간연장형,2,2,2,1,0,1,2,3,0,13,0,0,0,0,0,0,0,0,0,0,,,,,,,,,,,,,,,,14:45.0
광진구,11215000176,우정사업정보센터꿈나무 어린이집,직장,폐지,5050,서울특별시 광진구 자양로 72 (자양동),02-450-2841,02-450-0187,kpickoreapostkid..com,3,210,1,0,0,49,0,37.53247563,127.0843656,미운영,1995-12-13,,,2013-02-28,2025-04-24,일반,0,2,2,1,0,0,0,1,0,6,0,0,0,0,0,0,0,0,0,0,,,,,,,,,,,,,,,,14:45.0
광진구,11215000160,민주어린이집,민간,폐지,5015,서울특별시 광진구 동일로26길 47 (화양동),02-469-1956,02-497-0681,,7,301,1,7,0,69,0,37.5447968,127.0685962,운영,1995-08-04,,,2021-10-31,2025-04-24,야간연장형,1,2,2,3,0,1,1,3,0,13,0,0,0,0,0,0,0,0,0,0,,,,,,,,,,,,,,,,14:45.0
광진구,11215000056,구립 구의3동어린이집,국공립,정상,5117,서울특별시 광진구 광나루로54길 36 (구의동),02-457-9230,050-4155-8057,https://blog.naver.com/kids9230,6,214,1,15,10,79,34,37.53934758,127.0951177,미운영,1995-07-01,,,,2025-04-24,야간연장형,1,4,3,0,0,0,0,2,0,10,0,15,19,0,0,0,0,0,0,34,0,14,29,29,29,1,7,0,0,0,0,0,1,0,10,14:44.0
광진구,11215000186,슬기어린이집,민간,폐지,5102,서울특별시 광진구 자양로3길 70 (자양동),02-455-1057,02-455-1057,meok227@hanmail.net,4,84,3,4,0,27,0,37.529514,127.08285,미운영,1995-06-15,,,2021-02-28,2025-04-24,일반,4,0,0,0,0,0,4,0,0,8,0,0,0,0,0,0,0,0,0,0,,,,,,,,,,,,,,,,14:45.0
광진구,11215000196,영화어린이집,민간,정상,4948,서울특별시 광진구 영화사로 105 (구의동),02-453-3308,02-447-6066,,3,204,0,5,9,39,20,37.55405327,127.0977209,운영,1995-05-02,,,,2025-04-24,일반,0,1,2,1,0,0,1,0,0,5,0,5,6,9,0,0,0,0,0,20,50,25,0,25,0,1,4,0,0,0,0,0,1,0,9,14:45.0
광진구,11215000177,숲속 아이술루 어린이집,민간,폐지,143821,서울 광진구 광나루로44길 9 (구의3동 203-26),02-454-9219,02-457-4179,,5,125,1,0,0,29,0,37.54390568,127.0916609,,1994-09-01,,,2020-07-02,2025-04-24,일반,0,0,1,0,0,0,2,0,0,3,0,0,0,0,0,0,0,0,0,0,,,,,,,,,,,,,,,,14:45.0
광진구,11215000174,사임당어린이집,민간,정상,5055,서울특별시 광진구 아차산로46가길 23 (자양동) 101호,02-455-0883,02-6449-0882,www.aga24.net,6,139,2,11,10,27,22,37.53567044,127.0819116,미운영,1994-08-09,,,,2025-04-24,"야간연장형,시간제보육",4,3,1,0,0,0,1,0,0,9,6,9,7,0,0,0,0,0,0,22,38,0,25,0,38,1,8,0,0,0,0,0,1,0,10,14:45.0
광진구,11215000035,구립 중곡샛별어린이집,국공립,정상,4901,서울특별시 광진구 동일로 458 (중곡동),02-435-4900,02-435-4901,http://jkstar.co.kr,12,334,2,24,25,131,92,37.570957,127.08026,미운영,1994-06-08,,,,2025-04-24,야간연장형,3,4,4,1,1,1,0,0,0,14,8,14,23,12,15,20,0,0,0,92,21,5,11,0,63,1,19,0,0,1,0,0,2,1,25,14:44.0
광진구,11215000085,구립 화송어린이집,국공립,정상,5012,서울특별시 광진구 능동로13길 108 (화양동),02-468-2336,02-468-2213,,5,159,1,15,17,69,53,37.54619184,127.0680542,미운영,1994-05-04,,,,2025-04-24,야간연장형,1,2,2,1,0,0,1,1,0,8,2,9,14,11,0,0,2,15,0,53,21,14,36,7,21,1,14,0,0,0,0,0,1,0,17,14:44.0
광진구,11215000111,구립 사랑의어린이집,국공립,정상,4974,서울특별시 광진구 아차산로66길 8 (광장동),02-2201-1049,02-2201-1048,,6,267,1,8,18,99,66,37.54103267,127.097066,미운영,1994-04-01,,,,2025-04-24,야간연장형,2,2,3,1,0,0,0,2,0,10,4,10,21,9,0,0,0,22,0,66,20,7,20,13,40,1,15,0,0,0,0,0,2,0,18,14:44.0
광진구,11215000028,예지어린이집,민간,휴지,5003,서울특별시 광진구 광나루로15길 17 (군자동),02-467-3333,02-467-3333,,5,212,1,8,0,58,0,37.54909585,127.0694465,미운영,1994-02-05,2025-03-01,2025-08-31,,2025-04-24,일반,1,0,1,1,0,0,2,2,0,7,0,0,0,0,0,0,0,0,0,0,,,,,,,,,,,,,,,,14:45.0
광진구,11215000183,해누리어린이집,가정,폐지,4994,서울특별시 광진구 천호대로102길 18 (군자동),02-464-7010,02-464-7010,,4,98,0,4,0,19,0,37.55829948,127.0737783,미운영,1993-11-02,,,2019-03-27,2025-04-24,일반,2,1,0,0,0,0,3,0,0,6,0,0,0,0,0,0,0,0,0,0,,,,,,,,,,,,,,,,14:45.0
광진구,11215000012,구립 자양4동어린이집,국공립,정상,5073,서울특별시 광진구 아차산로32길 17 (자양동),02-463-4959,02-462-4987,cafe.daum.net/nou4959,5,165,1,15,13,59,43,37.53913,127.06851,미운영,1993-10-15,,,,2025-04-24,"장애아통합,야간연장형",1,2,2,0,0,0,0,2,0,7,2,9,10,0,0,0,0,22,0,43,18,36,18,9,18,1,11,0,0,0,0,0,1,0,13,14:44.0
광진구,11215000032,광진어린이집,민간,정상,5054,서울특별시 광진구 아차산로40길 9 (자양동),02-2201-0126,02-2201-0976,iutv.co.kr/kwangjin,7,340,3,12,19,91,42,37.537193,127.07864,운영,1993-09-03,,,,2025-04-24,야간연장형,1,3,3,2,0,0,8,2,0,19,3,3,5,10,0,0,4,17,0,42,67,13,13,0,7,1,15,0,0,0,0,0,1,0,19,14:44.0
광진구,11215000030,신나는어린이집,민간,정상,5041,서울특별시 광진구 광나루로40길 78 (구의동),02-453-2814,02-6084-1891,,9,433,4,21,22,120,75,37.54134189,127.0886887,운영,1993-06-28,,,,2025-04-24,야간연장형,5,4,3,2,1,1,0,2,0,18,5,14,17,9,11,19,0,0,0,75,28,11,11,11,39,1,18,0,0,0,0,0,1,0,22,14:45.0
광진구,11215000170,리틀지니어스어린이집,민간,정상,5040,서울특별시 광진구 자양로26길 50 (구의동),02-444-0717,02-444-0717,,5,107,1,5,10,31,20,37.54099739,127.0866516,미운영,1993-05-21,,,,2025-04-24,"야간연장형,시간제보육",2,2,1,0,0,0,1,0,0,6,0,9,6,0,0,0,5,0,0,20,29,14,29,0,29,1,7,0,0,0,0,0,1,0,10,14:45.0
광진구,11215000122,민어린이집,민간,폐지,5031,서울특별시 광진구 자양로30길 15 (구의동),02-455-8005,02-455-8009,,5,161,0,9,0,44,0,37.54387395,127.0858356,미운영,1993-05-13,,,2021-09-23,2025-04-24,일반,0,2,2,0,0,0,3,2,0,9,0,0,0,0,0,0,0,0,0,0,,,,,,,,,,,,,,,,14:45.0
광진구,11215000063,꿈나무어린이집,민간,폐지,5039,서울특별시 광진구 자양로 134 (구의동),02-444-5449,02-2201-5449,,5,162,0,5,0,35,0,37.53964457,127.0834502,미운영,1993-03-02,,,2024-02-29,2025-04-24,야간연장형,1,1,0,0,0,0,2,1,0,5,0,0,0,0,0,0,0,0,0,0,,,,,,,,,,,,,,,,14:44.0
광진구,11215000043,한빛어린이집,가정,폐지,4917,서울특별시 광진구 긴고랑로8길 60 (중곡동),02-467-4214,,,2,71,0,0,0,20,0,37.560947,127.07762,미운영,1992-11-02,,,2014-07-01,2025-04-24,일반,0,0,0,0,0,0,3,0,0,3,0,0,0,0,0,0,0,0,0,0,,,,,,,,,,,,,,,,14:45.0
광진구,11215000205,영화어린이집,가정,폐지,5112,서울특별시 광진구 자양로4길 26 (자양동),02-462-9400,02-462-9400,,4,73,2,4,0,18,0,37.531925,127.08763,미운영,1991-06-05,,,2022-05-09,2025-04-24,일반,1,2,1,0,0,0,6,0,0,10,0,0,0,0,0,0,0,0,0,0,,,,,,,,,,,,,,,,14:45.0
광진구,11215000130,현대몬테소리어린이집,가정,정상,5118,"서울특별시 광진구 광나루로56길 32 207동 106호(구의동, 구의현대2단지아파트)",02-452-8348,02-452-8348,cafe.naver.com/hdmontesori,4,85,0,4,8,20,15,37.53745566,127.0949072,미운영,1990-10-08,,,,2025-04-24,일반,3,1,1,0,0,0,3,0,0,8,2,3,5,0,0,0,5,0,0,15,17,17,17,0,50,1,5,0,0,0,0,0,1,0,8,14:45.0
광진구,11215000108,샘터자연친화어린이집,가정,폐지,4984,"서울특별시 광진구 아차산로 503-23 102-102호(광장동, 청구아파트)",02-452-0956,02-6235-0077,cafe.daum.net/샘터어린이집,4,85,1,0,0,20,0,37.54239692,127.0962258,미운영,1990-02-01,,,2017-11-30,2025-04-24,일반,0,1,1,0,0,0,2,0,0,4,0,0,0,0,0,0,0,0,0,0,,,,,,,,,,,,,,,,14:45.0
광진구,11215000117,중곡4동어린이집,민간,정상,4944,서울특별시 광진구 긴고랑로 149-8 (중곡동),02-2201-2704,,http://blog.naver.com/snoopybb,5,250,1,11,11,81,39,37.55910367,127.0915569,운영,1989-08-01,,,,2025-04-24,야간연장형,2,1,2,1,1,1,3,1,0,12,0,3,9,0,0,13,2,12,0,39,13,25,38,25,0,1,8,0,0,0,0,0,1,0,11,14:45.0
광진구,11215000185,좋은어린이집,민간,정상,5049,서울특별시 광진구 구의강변로3길 31 (구의동),02-454-8548,02-454-8985,,8,356,1,10,8,35,17,37.53620501,127.090321,미운영,1986-02-27,,,,2025-04-24,야간연장형,2,1,1,0,0,0,0,0,0,4,5,5,7,0,0,0,0,0,0,17,33,0,50,0,17,1,6,0,0,0,0,0,0,0,8,14:45.0
광진구,11215000031,구립 자양어린이집,국공립,정상,5092,서울특별시 광진구 자양번영로 35 (자양동),02-452-0748,02-457-0306,,7,531,1,16,23,96,89,37.532898,127.07523,미운영,1982-08-28,,,,2025-04-24,"장애아통합,야간연장형",1,2,2,2,1,1,0,0,3,12,3,10,14,18,19,18,0,0,7,89,24,12,18,24,24,1,15,2,0,0,0,0,2,0,23,14:44.0
광진구,11215000016,해든어린이집,민간,정상,5084,"서울특별시 광진구 능동로3마길 1 (자양동, 자양)",02-463-0942,02-468-8659,http://iseoul.seoul.go.kr/homepage/main.do?stCode=11215000016,4,144,1,6,10,32,17,37.53433688,127.0642196,미운영,1975-03-12,,,,2025-04-24,"야간연장형,시간제보육",0,0,0,0,0,0,2,1,0,3,0,0,0,0,0,0,5,7,0,12,38,25,25,0,13,1,8,0,0,0,0,0,1,0,10,14:45.0
